DATE,Open,High,Low,Close,Adj_Close,Volume_in_mln,M2,M2_adj,CPI,CPI_adj,unemployment,GDP,bank_borrow,asset_mean
2022-10-01,3609.78,3905.42,3491.58,3871.98,3871.98,95823.76,21380.1,21424.4,0.405649443411221,297.987,3.7,26137.992,21.1,
2022-09-01,3936.73,4119.28,3584.13,3585.62,3585.62,94241.02,21473.4,21523.3,0.215078451300104,296.539,3.5,25723.941,36.0,8816882.25
2022-08-01,4112.38,4325.28,3954.53,3955.0,3955.0,92252.35,21551.5,21658.7,-0.0354399276350673,295.32,3.7,25723.941,-3.6,8856209.8
2022-07-01,3781.0,4140.15,3721.56,4130.29,4130.29,81688.32,21577.8,21703.2,-0.0118119138337545,294.628,3.5,25723.941,27.7,8894233.75
2022-06-01,4149.78,4177.51,3636.87,3785.38,3785.38,106116.71,21578.6,21666.8,1.37360757588199,294.728,3.6,25248.476,18.8,8922724.6
2022-05-01,4130.61,4307.66,3810.32,4132.15,4132.15,108860.39,21552.3,21665.6,1.10235239995988,291.268,3.6,25248.476,14.5,8935539.75
2022-04-01,4540.32,4593.45,4124.28,4131.93,4131.93,90367.84,21849.0,21678.1,0.558253102565497,288.611,3.6,25248.476,-13.7,8949532.25
2022-03-01,4363.14,4637.3,4157.87,4530.41,4530.41,123546.26,21855.9,21697.7,1.33513795485627,287.472,3.6,24740.48,4.9,8933825.0
2022-02-01,4519.57,4595.31,4114.65,4373.94,4373.94,92667.71,21582.3,21570.3,0.913397925647697,284.61,3.8,24740.48,-12.3,8897595.5
2022-01-01,4778.14,4818.62,4222.62,4515.55,4515.55,95562.89,21628.4,21561.9,0.841457378354523,282.599,4.0,24740.48,-11.2,8820579.5
2021-12-01,4602.82,4808.93,4495.12,4766.18,4766.18,92750.18,21647.9,21550.4,0.307251716148357,280.887,3.9,24349.121,-29.6,8723909.4
2021-11-01,4610.62,4743.83,4560.0,4567.0,4567.0,88268.84,21323.7,21316.1,0.491342750434762,278.711,4.2,24349.121,7.1,8648682.25
2021-10-01,4317.16,4608.08,4278.94,4605.38,4605.38,80253.6,21088.3,21116.0,0.830811855200318,276.522,4.5,24349.121,14.8,8516524.5
2021-09-01,4528.8,4545.85,4305.91,4307.54,4307.54,85528.86,20922.0,20964.3,0.271597085905821,274.028,4.8,23550.42,1.7,8418612.4
2021-08-01,4406.86,4537.36,4367.73,4522.68,4522.68,80500.76,20749.0,20848.3,0.206591136361161,272.87,5.2,23550.42,7.1,8291893.25
2021-07-01,4300.73,4429.97,4233.13,4395.26,4395.26,84255.62,20556.2,20663.3,0.481052352629404,271.764,5.4,23550.42,15.5,8190356.75
2021-06-01,4216.52,4302.43,4164.4,4297.5,4297.5,102544.18,20431.6,20506.9,0.929066290235704,270.559,5.9,23046.934,-36.6,8026555.2
2021-05-01,4191.98,4238.04,4056.88,4204.11,4204.11,88321.86,20311.4,20432.4,0.80171051547627,268.444,5.8,23046.934,-27.7,7866893.25
2021-04-01,3992.78,4218.78,3992.78,4181.17,4181.17,83124.09,20263.6,20117.2,0.821890915406006,266.67,6.1,23046.934,16.2,7775974.0
2021-03-01,3842.51,3994.41,3723.34,3972.89,3972.89,122371.15,19940.5,19840.3,0.708327313374951,264.914,6.1,22313.85,6.4,7647908.2
2021-02-01,3731.17,3950.43,3725.62,3811.15,3811.15,99082.32,19518.8,19600.6,0.547438279392344,263.638,6.2,22313.85,35.5,7500084.0
2021-01-01,3764.61,3870.9,3662.71,3714.24,3714.24,106117.8,19366.9,19356.5,0.425378348702726,262.65,6.3,22313.85,-30.1,7372161.25
2020-12-01,3645.87,3760.2,3633.4,3756.07,3756.07,96375.68,19242.2,19114.0,0.0941478467042597,262.035,6.7,21704.706,-15.6,7319010.8
2020-11-01,3296.2,3645.99,3279.74,3621.63,3621.63,101247.18,18975.4,18949.3,-0.0610627217844138,260.813,6.7,21704.706,-18.8,7198114.0
2020-10-01,3385.87,3549.85,3233.94,3269.96,3269.96,89938.98,18684.8,18729.1,0.0414937759336148,260.286,6.9,21704.706,-11.9,7137411.5
2020-09-01,3507.44,3588.11,3209.45,3363.0,3363.0,92310.78,18538.7,18577.3,0.13927469432666,260.029,7.9,21362.428,-26.9,7048374.2
2020-08-01,3288.26,3514.77,3284.53,3500.31,3500.31,82466.52,18315.1,18346.0,0.315321052408127,259.411,8.4,21362.428,-3.8,6975892.25
2020-07-01,3105.92,3279.99,3101.17,3271.12,3271.12,96928.13,18248.1,18286.3,0.505824350167009,258.278,10.2,21362.428,-28.9,6960429.4
2020-06-01,3038.78,3233.13,2965.66,3100.29,3100.29,131458.88,18099.1,18131.7,0.547204692777511,256.986,11.0,19636.731,-100.4,7127786.25
2020-05-01,2869.09,3068.67,2766.64,3044.31,3044.31,107135.19,17762.5,17851.1,0.0019501616684046,255.868,13.2,19636.731,-99.9,6947555.25
2020-04-01,2498.08,2954.86,2447.49,2912.43,2912.43,123608.16,17097.7,16997.6,-0.668694186699718,256.092,14.7,19636.731,15.0,6298340.0
2020-03-01,2974.28,3136.72,2191.86,2584.59,2584.59,162185.38,16051.5,15978.7,-0.217645103178479,258.124,4.4,21538.032,134.4,4618977.0
2020-02-01,3235.66,3393.52,2855.84,2954.22,2954.22,84436.59,15382.3,15450.3,0.274061813149543,259.248,3.5,21538.032,-0.2,4169900.75
2020-01-01,3244.67,3337.77,3214.64,3225.52,3225.52,77287.98,15397.1,15396.0,0.387976993781487,259.037,3.5,21538.032,-14.5,4159312.4
2019-12-01,3143.85,3247.93,3070.33,3230.78,3230.78,72325.54,15412.5,15320.7,-0.0909769525053793,258.616,3.6,21706.532,2.4,4115957.5
2019-11-01,3050.72,3154.26,3050.72,3140.98,3140.98,72410.62,15259.4,15242.2,-0.0536243034669465,257.803,3.6,21706.532,-0.7,4042612.25
2019-10-01,2983.69,3050.1,2855.94,3037.56,3037.56,77720.64,15112.2,15140.8,0.228619055223,257.244,3.6,21706.532,-16.0,3970156.0
2019-09-01,2909.01,3021.99,2891.85,2976.74,2976.74,74178.98,14986.8,15008.1,0.0783448576930001,256.511,3.5,21531.839,-2.3,3808397.75
2019-08-01,2980.32,3013.59,2822.12,2926.46,2926.46,80269.22,14896.1,14914.6,-0.0050668236082818,256.059,3.7,21531.839,1.5,3773093.25
2019-07-01,2971.41,3027.98,2952.22,2980.38,2980.38,70599.47,14814.4,14840.6,0.167094162245338,255.685,3.7,21531.839,9.5,3803776.8
2019-06-01,2751.53,2964.15,2728.81,2941.76,2941.76,71250.63,14734.8,14757.7,0.0199147181481604,255.159,3.6,21272.448,7.9,3842108.25
2019-05-01,2952.33,2954.13,2750.52,2752.06,2752.06,77250.74,14575.0,14643.2,0.212875858938411,255.29,3.7,21272.448,-1.6,3871707.0
2019-04-01,2848.63,2949.52,2848.63,2945.83,2945.83,70090.37,14623.0,14541.0,0.529500161289074,255.211,3.6,21272.448,-9.1,3933098.25
2019-03-01,2798.22,2860.31,2722.27,2834.4,2834.4,79159.66,14572.5,14509.9,0.564135835680577,254.202,3.8,21013.085,-4.8,3964764.5
2019-02-01,2702.32,2813.49,2681.83,2784.49,2784.49,70638.77,14401.9,14469.9,0.422705314009692,253.322,3.8,21013.085,-8.7,4002697.75
2019-01-01,2476.96,2708.95,2443.96,2704.1,2704.1,80859.87,14423.8,14430.0,0.190659666524684,252.718,4.0,21013.085,4.6,4050343.0
2018-12-01,2790.5,2800.18,2346.58,2506.85,2506.85,84162.18,14448.8,14362.7,-0.319396281513109,252.767,3.9,20819.269,-6.2,4083567.0
2018-11-01,2717.58,2815.15,2631.09,2760.17,2760.17,80620.02,14255.1,14236.8,-0.334934851810097,252.594,3.8,20819.269,-1.4,4122799.0
2018-10-01,2926.29,2939.86,2603.54,2711.74,2711.74,91930.98,14201.4,14222.5,0.176676345572587,252.772,3.8,20819.269,11.8,4167971.4
2018-09-01,2896.96,2940.91,2864.12,2913.98,2913.98,63031.51,14199.5,14212.9,0.116202517589025,252.182,3.7,20687.278,-2.5,4205069.0
2018-08-01,2821.17,2916.5,2796.34,2901.52,2901.52,69523.07,14164.9,14181.3,0.0555542328357295,251.663,3.8,20687.278,-25.4,4238067.8
2018-07-01,2704.95,2848.03,2698.95,2816.29,2816.29,64898.3,14109.6,14139.2,0.0067463262285171,251.214,3.8,20687.278,-18.2,4287565.25
2018-06-01,2718.7,2791.47,2691.99,2718.37,2718.37,77891.36,14074.7,14103.6,0.159387570154372,251.018,4.0,20470.197,-1.1,4316371.0
2018-05-01,2642.96,2742.24,2594.62,2705.27,2705.27,76011.82,13980.4,14047.2,0.4158916925435,250.792,3.8,20470.197,9.7,4343353.0
2018-04-01,2633.45,2717.49,2553.8,2648.05,2648.05,70194.7,14069.5,13988.8,0.397509156334893,250.227,4.0,20470.197,-18.5,4382144.25
2018-03-01,2715.22,2801.9,2585.89,2640.87,2640.87,76803.89,14031.0,13970.2,0.226112590414904,249.577,4.0,20155.486,-36.1,4399193.75
2018-02-01,2816.45,2835.96,2532.69,2713.83,2713.83,79933.97,13849.1,13912.3,0.45346899748655,249.529,4.1,20155.486,5.9,4415167.25
2018-01-01,2683.73,2872.87,2682.36,2823.81,2823.81,77318.69,13863.1,13869.7,0.544774545277541,248.859,4.0,20155.486,5.5,4437893.4
2017-12-01,2645.1,2694.97,2605.52,2673.61,2673.61,65531.7,13945.0,13857.9,-0.05878322772623,247.805,4.1,19894.75,9.4,4446506.0
2017-11-01,2583.21,2657.74,2557.45,2647.58,2647.58,73416.96,13819.9,13799.9,0.0024324685907436,247.284,4.2,19894.75,7.9,4450387.0
2017-10-01,2521.2,2582.98,2520.4,2575.26,2575.26,71088.55,13750.7,13770.1,-0.0632042103727646,246.626,4.2,19894.75,-12.5,4462669.25
2017-09-01,2474.42,2519.44,2446.55,2519.36,2519.36,66624.12,13705.5,13717.9,0.529490589323034,246.435,4.3,19561.896,-4.2,4459721.25
2017-08-01,2477.1,2490.87,2417.35,2471.65,2471.65,70784.9,13653.7,13673.7,0.299445229710857,245.183,4.4,19561.896,32.2,4462999.4
2017-07-01,2431.39,2484.04,2407.7,2470.3,2470.3,63348.09,13584.4,13618.7,-0.0689922638852295,244.243,4.3,19561.896,20.5,4469040.25
2017-06-01,2415.65,2453.82,2405.7,2423.41,2423.41,81078.81,13522.1,13559.2,0.0907111014861139,244.163,4.3,19304.506,2.2,4469079.0
2017-05-01,2388.5,2418.71,2352.72,2411.8,2411.8,79719.46,13474.1,13538.1,0.0854721826896363,244.004,4.4,19304.506,-1.2,4468515.8
2017-04-01,2362.34,2398.16,2328.95,2384.2,2384.2,65369.86,13565.0,13484.9,0.296553336532688,244.193,4.4,19304.506,-3.1,4477134.5
2017-03-01,2380.13,2400.98,2322.25,2362.72,2362.72,81664.01,13491.7,13426.9,0.0812797871947232,243.892,4.4,19148.194,-14.7,4467057.8
2017-02-01,2285.59,2371.54,2271.65,2363.64,2363.64,69260.94,13305.6,13358.8,0.314611738641666,244.006,4.6,19148.194,20.6,4458373.75
2017-01-01,2251.57,2300.99,2245.13,2278.87,2278.87,70576.42,13281.6,13283.4,0.582772789025459,243.618,4.7,19148.194,-2.0,4454801.5
2016-12-01,2200.17,2277.53,2187.44,2238.83,2238.83,75344.55,13299.9,13213.4,0.0327321392317517,242.637,4.7,18968.041,0.9,4460032.75
2016-11-01,2128.68,2214.1,2083.79,2198.81,2198.81,88445.38,13191.8,13173.4,-0.155546086733514,242.026,4.7,18968.041,-5.8,4454779.2
2016-10-01,2164.33,2169.6,2114.72,2126.15,2126.15,72915.53,13079.4,13100.5,0.124674851301432,241.741,4.9,18968.041,-4.8,4459703.25
2016-09-01,2171.33,2187.87,2119.12,2168.27,2168.27,77023.62,13016.2,13033.6,0.240399586462898,241.176,5.0,18775.459,-1.3,4466515.75
2016-08-01,2173.15,2193.81,2147.58,2170.95,2170.95,75610.31,12946.7,12972.8,0.0918430107884498,240.545,4.9,18775.459,1.9,4466789.0
2016-07-01,2099.34,2177.09,2074.02,2173.6,2173.6,69530.25,12850.1,12887.7,-0.161813640474981,240.101,4.8,18775.459,11.4,4472069.5
2016-06-01,2093.94,2120.55,1991.68,2098.86,2098.86,86852.7,12789.0,12829.4,0.328436616728188,240.222,4.9,18611.617,-3.7,4469248.6
2016-05-01,2067.17,2103.48,2025.91,2096.95,2096.95,78883.6,12708.4,12766.2,0.404579099811517,239.557,4.8,18611.617,10.2,4472633.25
2016-04-01,2056.62,2111.05,2033.8,2065.3,2065.3,81124.99,12778.6,12700.4,0.4741067979104,238.992,5.1,18611.617,5.7,4487148.5
2016-03-01,1937.09,2072.21,1937.09,2059.74,2059.74,92639.42,12684.8,12616.7,0.430600014339268,238.08,5.0,18425.306,9.1,4484319.6
2016-02-01,1936.94,1962.96,1810.1,1932.23,1932.23,93049.56,12517.1,12556.7,0.0823076533454985,237.336,4.9,18425.306,15.4,4485799.5
2016-01-01,2038.2,2038.2,1812.29,1940.24,1940.24,92409.77,12478.4,12469.9,0.165310220906868,237.652,4.8,18425.306,5.0,4489872.5
2015-12-01,2082.93,2104.27,1993.26,2043.94,2043.94,83649.26,12427.3,12346.8,-0.341709643711866,237.761,5.0,18332.079,2.2,4486241.6
2015-11-01,2080.76,2116.48,2019.39,2080.41,2080.41,75943.59,12297.9,12284.6,-0.211068037908146,238.017,5.1,18332.079,-1.0,4486380.75
2015-10-01,1919.65,2094.32,1893.7,2079.36,2079.36,85844.9,12171.5,12195.9,-0.0449683750446447,237.733,5.0,18332.079,56.2,4495400.0
2015-09-01,1970.09,2020.86,1871.91,1920.03,1920.03,79989.37,12138.2,12160.8,-0.155675657530359,237.498,5.0,18306.96,-23.1,4484700.6
2015-08-01,2104.49,2112.66,1867.01,1972.18,1972.18,84626.79,12070.4,12101.9,-0.141627628281935,238.033,5.1,18306.96,1.6,4484473.0
2015-07-01,2067.0,2132.82,2044.02,2103.84,2103.84,77920.59,12012.9,12051.3,0.0067047159295661,238.034,5.2,18306.96,-0.6,4488001.4
2015-06-01,2108.64,2129.87,2056.32,2063.11,2063.11,73213.98,11962.5,12001.7,0.350286999852812,237.657,5.3,18193.707,2.3,4479059.25
2015-05-01,2087.38,2134.72,2067.93,2107.39,2107.39,65187.73,11907.9,11957.9,0.509723202549469,237.001,5.6,18193.707,3.3,4479564.0
2015-04-01,2067.63,2125.92,2048.38,2085.51,2085.51,72060.94,12004.7,11928.9,0.203287325458769,236.222,5.4,18193.707,10.5,4482355.6
2015-03-01,2105.23,2117.52,2039.69,2067.89,2067.89,76675.85,11956.7,11886.8,0.595172161109732,235.976,5.4,17991.348,22.9,4488338.25
2015-02-01,1996.67,2119.59,1980.9,2104.5,2104.5,68775.56,11847.1,11879.0,0.434304492377206,235.342,5.5,17991.348,-11.2,4496402.25
2015-01-01,2058.9,2072.36,1988.12,1994.99,1994.99,77330.04,11759.0,11745.6,-0.470589237347324,234.747,5.7,17991.348,11.0,4507150.25
2014-12-01,2065.78,2093.55,1972.56,2058.9,2058.9,80743.82,11760.0,11684.9,-0.567010091001089,236.252,5.6,17852.54,6.5,4496884.8
2014-11-01,2018.21,2075.76,2001.01,2067.56,2067.56,63600.19,11615.0,11604.8,-0.539941794106119,236.983,5.8,17852.54,-1.2,4488542.5
2014-10-01,1971.44,2018.19,1820.66,2018.05,2018.05,93714.04,11538.6,11566.0,-0.251227781255389,237.43,5.7,17852.54,13.5,4469678.6
2014-09-01,2004.07,2019.26,1964.04,1972.29,1972.29,66706.0,11470.6,11499.8,0.0752568824311014,237.477,5.9,17743.227,11.4,4436408.25
2014-08-01,1929.8,2005.04,1904.78,2003.37,2003.37,58131.14,11422.7,11458.9,-0.167051416579219,237.46,6.1,17743.227,7.2,4417173.5
2014-07-01,1962.29,1991.39,1930.67,1930.67,1930.67,66524.69,11391.8,11429.9,-0.0390193964161093,237.498,6.2,17743.227,14.7,4395203.2
2014-06-01,1923.87,1968.17,1915.98,1960.23,1960.23,63283.38,11336.8,11374.9,0.186212694409411,237.231,6.1,17462.703,40.4,4352084.25
2014-05-01,1884.39,1924.03,1859.79,1923.57,1923.57,63623.63,11274.8,11321.0,0.34926098400487,236.918,6.3,17462.703,14.5,4322501.5
2014-04-01,1873.96,1897.28,1814.36,1883.95,1883.95,71595.81,11331.6,11257.7,0.329675445315773,236.468,6.2,17462.703,20.7,4271396.8
2014-03-01,1857.68,1883.97,1834.44,1872.34,1872.34,71885.03,11278.4,11208.1,0.644004412622824,236.028,6.7,17144.281,30.4,4200543.75
2014-02-01,1782.68,1867.92,1737.92,1859.45,1859.45,69725.59,11153.4,11178.8,0.369790865096873,235.547,6.7,17144.281,-2.1,4134488.75
2014-01-01,1845.86,1850.84,1770.45,1782.59,1782.59,75871.91,11101.6,11080.8,0.372024767323605,235.288,6.6,17144.281,9.3,4064681.0
2013-12-01,1806.55,1849.44,1767.99,1848.36,1848.36,64958.82,11104.3,11035.0,-0.008581149788259,234.719,6.7,17133.114,2.3,3991804.75
2013-11-01,1758.7,1813.55,1746.2,1805.81,1805.81,63628.19,10977.2,10969.7,-0.204242419052338,234.1,6.9,17133.114,12.0,3897885.75
2013-10-01,1682.41,1775.22,1646.47,1756.54,1756.54,76647.4,10933.0,10961.6,-0.257528325980464,233.669,7.2,17133.114,9.4,3800415.6
2013-09-01,1635.95,1729.86,1633.41,1681.55,1681.55,66174.41,10805.9,10837.2,0.116300448526347,233.544,7.2,16911.068,4.2,3693106.75
2013-08-01,1689.42,1709.67,1627.47,1632.97,1632.97,64802.81,10738.0,10776.6,0.12029315570472,233.456,7.2,16911.068,2.9,3630451.5
2013-07-01,1609.78,1698.78,1604.57,1685.73,1685.73,68106.82,10682.3,10718.4,0.0393997533233011,232.9,7.3,16911.068,-12.7,3536213.8
2013-06-01,1631.71,1654.19,1560.33,1606.28,1606.28,74946.79,10643.3,10678.7,0.23997080855995,232.445,7.5,16699.551,-6.6,3440056.75
2013-05-01,1597.55,1687.18,1581.28,1630.74,1630.74,76447.25,10578.7,10621.0,0.178040777358723,231.893,7.5,16699.551,-2.2,3355983.8
2013-04-01,1569.18,1597.57,1536.03,1597.57,1597.57,77098.0,10655.8,10586.3,-0.103963947708716,231.797,7.6,16699.551,-9.6,3264238.0
2013-03-01,1514.68,1570.28,1501.48,1569.19,1569.19,68527.11,10626.9,10558.3,0.261450858437495,232.282,7.5,16629.05,-9.5,3170836.25
2013-02-01,1498.11,1530.94,1485.01,1514.68,1514.68,69273.48,10480.0,10501.3,0.819002952926876,232.937,7.7,16629.05,1.7,3068737.5
2013-01-01,1426.19,1509.94,1426.19,1498.11,1498.11,75848.51,10506.6,10482.9,0.295730419292604,231.679,8.0,16629.05,10.4,2966026.0
2012-12-01,1416.34,1448.0,1398.11,1426.19,1426.19,66388.18,10531.4,10459.7,-0.269306449020735,231.221,7.9,16420.386,7.4,2901149.5
2012-11-01,1412.2,1434.27,1343.35,1416.18,1416.18,71489.31,10343.0,10337.6,-0.473808669488188,231.249,7.7,16420.386,-9.7,2857639.75
2012-10-01,1440.9,1470.96,1403.28,1412.16,1412.16,71752.32,10245.8,10267.3,-0.0388925140553232,231.638,7.8,16420.386,-9.3,2826340.2
2012-09-01,1406.54,1474.51,1396.56,1440.67,1440.67,69784.28,10165.2,10200.8,0.446221226761131,231.015,7.8,16319.54,4.9,2817998.0
2012-08-01,1379.32,1426.68,1354.65,1406.58,1406.58,70283.81,10069.0,10121.3,0.556515818143709,229.918,8.1,16319.54,-8.5,2835903.8
2012-07-01,1362.33,1391.74,1325.41,1379.32,1379.32,73103.81,10005.9,10051.8,-0.162978586182561,228.59,8.2,16319.54,1.2,2858742.25
2012-06-01,1309.87,1363.46,1266.74,1362.16,1362.16,81582.44,9960.8,9999.3,-0.146639688445049,228.524,8.2,16207.13,-3.1,2863935.25
2012-05-01,1397.86,1415.32,1291.98,1310.33,1310.33,86920.49,9882.9,9928.4,-0.117347936632105,228.713,8.2,16207.13,1.9,2856408.8
2012-04-01,1408.47,1422.38,1357.38,1397.91,1397.91,74761.71,9948.9,9884.6,0.302102950408034,229.187,8.2,16207.13,-0.8,2868779.5
2012-03-01,1365.9,1419.15,1340.03,1408.47,1408.47,83899.66,9903.1,9830.6,0.759455862393086,228.807,8.2,16068.824,-14.0,2887400.75
2012-02-01,1312.45,1378.04,1312.45,1365.68,1365.68,78385.71,9787.0,9785.7,0.440297355127631,228.329,8.3,16068.824,-7.3,2930028.6
2012-01-01,1258.86,1333.47,1258.86,1312.41,1312.41,79567.56,9761.9,9733.3,0.440019142826751,227.842,8.3,16068.824,-35.5,2914091.0
2011-12-01,1246.91,1269.37,1202.37,1257.6,1257.6,74742.43,9729.2,9660.1,-0.246651637713817,227.223,8.5,15842.267,4.9,2891431.25
2011-11-01,1251.0,1277.55,1158.66,1246.96,1246.96,84275.05,9633.1,9612.6,-0.084356133044206,227.169,8.6,15842.267,6.2,2826018.4
2011-10-01,1131.21,1292.66,1074.77,1253.3,1253.3,98063.67,9550.1,9562.1,-0.206268263335836,226.75,8.8,15842.267,-14.4,2854768.75
2011-09-01,1219.12,1229.29,1114.22,1131.42,1131.42,102786.82,9500.3,9528.3,0.151846211569461,226.597,9.0,15647.681,-18.8,2857844.25
2011-08-01,1292.59,1307.38,1101.54,1218.89,1218.89,108419.17,9461.8,9507.6,0.27575889023645,226.106,9.0,15647.681,-6.5,2862294.4
2011-07-01,1320.64,1356.48,1282.86,1292.28,1292.28,81102.17,9266.6,9316.6,0.0886045666793554,225.395,9.0,15647.681,-20.7,2870937.25
2011-06-01,1345.2,1345.2,1258.07,1320.64,1320.64,86122.73,9113.9,9151.0,-0.107096705669922,224.806,9.1,15557.535,2.0,2829998.4
2011-05-01,1365.21,1370.58,1311.8,1345.2,1345.2,81708.98,9025.6,9075.5,0.470418752723364,224.806,9.0,15557.535,-43.0,2749165.25
2011-04-01,1329.48,1364.56,1294.7,1363.61,1363.61,77364.81,9055.6,9004.9,0.643942953545699,224.093,9.1,15557.535,-30.3,2672824.75
2011-03-01,1328.64,1332.28,1249.05,1325.83,1325.83,89507.64,9000.6,8943.5,0.975107203050938,223.046,9.0,15351.444,-3.9,2585921.6
2011-02-01,1289.14,1344.07,1289.14,1327.22,1327.22,59223.66,8887.1,8886.9,0.493136502545162,221.898,9.0,15351.444,-2.0,2503101.5
2011-01-01,1257.62,1302.67,1257.62,1286.12,1286.12,92164.94,8850.0,8823.1,0.476323005397414,221.187,9.1,15351.444,-46.8,2443350.75
2010-12-01,1186.6,1262.6,1186.6,1257.64,1257.64,80984.53,8857.6,8801.8,0.171844078920309,220.472,9.3,15309.471,2.6,2392792.8
2010-11-01,1185.71,1227.08,1173.0,1180.55,1180.55,87151.07,8775.5,8770.0,0.0420646423819507,219.59,9.8,15309.471,-28.6,2318562.5
2010-10-01,1143.49,1196.14,1131.87,1183.26,1183.26,89536.27,8710.4,8749.4,0.124519888847696,219.035,9.4,15309.471,-7.9,2304744.25
2010-09-01,1049.72,1157.16,1049.72,1141.2,1141.2,79589.45,8649.5,8700.1,0.0581736230715569,218.275,9.5,15141.605,-17.9,2302048.2
2010-08-01,1107.53,1129.24,1039.7,1049.33,1049.33,85738.25,8607.7,8669.1,0.138066427840807,217.923,9.5,15141.605,2.6,2317257.75
2010-07-01,1031.1,1120.95,1010.91,1101.6,1101.6,94778.11,8576.9,8618.8,0.0211043057371509,217.605,9.4,15141.605,-20.9,2332653.0
2010-06-01,1087.3,1131.23,1028.33,1030.71,1030.71,110106.75,8606.4,8609.0,-0.0976267084673888,217.199,9.4,14980.193,-23.6,2337528.2
2010-05-01,1188.58,1205.13,1040.78,1089.41,1089.41,127662.78,8584.2,8589.9,0.0775197354237721,217.29,9.6,14980.193,-40.4,2336844.75
2010-04-01,1171.23,1219.8,1170.69,1186.69,1186.69,116741.91,8601.8,8535.2,0.173688491069743,217.403,9.9,14980.193,126.5,2328793.5
2010-03-01,1105.36,1180.69,1105.36,1169.43,1169.43,103683.55,8576.6,8504.5,0.410628353657108,217.353,9.9,14764.611,6.6,2298248.4
2010-02-01,1073.89,1112.42,1044.5,1104.49,1104.49,84561.34,8508.4,8507.4,0.024920738207648,217.281,9.8,14764.611,-26.6,2267655.0
2010-01-01,1116.56,1150.45,1071.59,1073.87,1073.87,90947.58,8464.4,8458.1,0.34174735701485,217.488,9.8,14764.611,-167.1,2256759.25
2009-12-01,1098.89,1130.38,1085.89,1115.1,1115.1,89515.33,8543.7,8496.0,-0.176119816946313,217.347,9.9,14651.248,-22.9,2219508.2
2009-11-01,1036.18,1113.69,1029.38,1095.63,1095.63,84981.53,8501.2,8500.8,0.0707753368767079,217.234,9.9,14651.248,-37.1,2179085.75
2009-10-01,1054.91,1101.36,1019.95,1036.19,1036.19,113410.99,8426.4,8471.1,0.0963101185818578,216.509,10.0,14651.248,-34.2,2173862.25
2009-09-01,1019.52,1080.15,991.97,1057.08,1057.08,112295.49,8394.9,8444.2,0.0625480693495817,215.861,9.8,14448.882,-42.9,2122599.6
2009-08-01,990.22,1039.47,978.51,1020.62,1020.62,116059.27,8386.7,8445.0,0.224285004481049,215.445,9.6,14448.882,-46.4,2035345.0
2009-07-01,920.82,996.68,869.32,987.48,987.48,106635.79,8407.6,8445.1,-0.158558692215323,214.726,9.5,14448.882,-50.6,2022495.4
2009-06-01,923.26,956.23,888.86,919.32,919.32,112653.15,8441.3,8440.5,0.858989226395336,214.79,9.5,14381.236,-27.3,2057409.0
2009-05-01,872.74,930.17,866.1,919.14,919.14,131614.94,8428.6,8430.7,0.288876383417745,213.022,9.4,14381.236,-24.0,2134990.5
2009-04-01,793.59,888.7,783.32,872.81,872.81,138855.32,8441.5,8372.9,0.249636827778799,212.709,9.0,14381.236,-21.6,2123941.6
2009-03-01,729.57,832.98,666.79,797.87,797.87,161843.64,8441.1,8369.3,0.24317484554154,212.495,8.7,14430.901,8.4,1985230.5
2009-02-01,823.09,875.01,734.52,735.09,735.09,124492.21,8305.2,8303.1,0.497293303590475,212.705,8.3,14430.901,2.5,1882057.25
2009-01-01,902.99,943.85,804.3,825.88,825.88,112090.64,8276.4,8273.7,0.435241737542101,211.933,7.8,14430.901,-25.7,2034315.75
2008-12-01,888.61,918.85,815.69,903.25,903.25,112884.47,8231.5,8192.1,-1.03424738142875,211.398,7.3,14608.208,-58.1,2223188.4
2008-11-01,968.67,1007.51,741.02,896.24,896.24,115660.21,8012.5,8015.8,-1.91528953285958,213.153,6.8,14608.208,-18.2,2145545.75
2008-10-01,1164.17,1167.03,839.8,968.75,968.75,159823.03,7922.1,7965.3,-1.01013332845789,216.995,6.5,14608.208,63.7,1728132.0
2008-09-01,1287.83,1303.04,1106.42,1166.36,1166.36,140007.32,7815.6,7859.5,-0.138301854066455,218.877,6.1,14898.999,25.7,1010064.0
2008-08-01,1269.42,1313.15,1247.45,1282.83,1282.83,86266.01,7742.7,7790.2,-0.399156225564174,218.69,6.1,14898.999,-0.6,906925.0
2008-07-01,1276.69,1292.17,1200.44,1267.38,1267.38,124980.57,7745.0,7775.4,0.525101112812213,219.016,5.8,14898.999,10.4,906594.2
2008-06-01,1399.62,1404.05,1272.0,1280.0,1280.0,96614.04,7731.7,7728.9,1.0076996934894,217.463,5.6,14865.701,-0.7,895940.5
2008-05-01,1385.97,1440.24,1373.07,1400.38,1400.38,80990.48,7709.1,7711.2,0.842088603175631,215.208,5.4,14865.701,12.6,893563.0
2008-04-01,1326.41,1404.57,1324.35,1385.59,1385.59,85978.63,7767.6,7699.2,0.606477838971956,213.942,5.0,14865.701,7.7,887107.2
2008-03-01,1330.45,1359.68,1256.98,1322.7,1322.7,93189.17,7719.2,7656.2,0.866821293098967,213.448,5.1,14706.538,17.0,890603.25
2008-02-01,1378.6,1396.02,1316.75,1330.63,1330.63,78536.13,7585.2,7590.6,0.290411218495348,212.687,4.9,14706.538,11.5,882373.75
2008-01-01,1467.97,1471.77,1270.05,1378.55,1378.55,98475.34,7502.6,7505.5,0.497057647260469,212.174,5.0,14706.538,-1.8,895567.2
2007-12-01,1479.63,1523.57,1435.65,1468.36,1468.36,64821.67,7504.2,7471.6,-0.0670863129647814,211.445,5.0,14715.058,21.2,886437.5
2007-11-01,1545.79,1545.79,1406.1,1481.14,1481.14,86246.95,7436.8,7441.8,0.593961787341581,210.834,4.7,14715.058,14.1,887219.0
2007-10-01,1527.29,1576.09,1489.56,1549.38,1549.38,76022.58,7378.6,7417.2,0.213919132812117,209.19,4.7,14715.058,-7.3,878830.0
2007-09-01,1473.96,1538.74,1439.29,1526.75,1526.75,57809.7,7367.6,7403.2,0.275590740535893,208.547,4.7,14564.117,21.5,879853.75
2007-08-01,1455.18,1503.89,1370.6,1473.99,1473.99,91381.76,7347.2,7385.1,-0.183390222708711,207.667,4.6,14564.117,26.6,868030.8
2007-07-01,1504.66,1555.9,1454.25,1455.27,1455.27,70337.43,7287.9,7309.0,-0.0254377207802054,207.603,4.7,14564.117,19.2,872583.5
2007-06-01,1530.62,1540.56,1484.18,1503.35,1503.35,65322.8,7285.1,7278.6,0.193797517660565,207.234,4.6,14402.082,24.5,868210.0
2007-05-01,1482.37,1535.56,1476.7,1530.62,1530.62,64958.05,7241.0,7245.4,0.61107186747047,206.755,4.4,14402.082,-8.1,876422.4
2007-04-01,1420.83,1498.02,1416.37,1482.37,1482.37,57032.47,7296.5,7231.3,0.649616268650889,205.904,4.5,14402.082,13.3,868133.5
2007-03-01,1406.8,1438.89,1363.98,1420.86,1420.86,67622.25,7207.6,7159.1,0.910569585108543,205.288,4.4,14215.651,17.0,869241.0
2007-02-01,1437.9,1461.57,1389.42,1406.82,1406.82,51844.99,7109.7,7125.3,0.535036755987662,204.226,4.5,14215.651,4.6,868256.5
2007-01-01,1418.03,1441.61,1403.97,1438.24,1438.24,56686.2,7098.2,7109.6,0.305252725470763,203.437,4.6,14215.651,15.7,862377.4
2006-12-01,1400.63,1431.81,1385.93,1418.3,1418.3,47578.78,7100.1,7071.6,0.148883374689833,203.1,4.4,14039.56,10.0,864418.25
2006-11-01,1377.76,1407.89,1360.98,1400.63,1400.63,55343.93,7024.9,7028.4,-0.148662041625379,202.0,4.5,14039.56,14.6,859521.0
2006-10-01,1335.82,1389.45,1327.1,1377.94,1377.94,56793.62,6962.5,6993.3,-0.542138984721521,201.9,4.4,14039.56,23.2,851086.0
2006-09-01,1303.8,1340.28,1290.93,1335.85,1335.85,49001.44,6919.7,6944.2,-0.490436488474757,202.8,4.5,13870.188,31.6,845981.75
2006-08-01,1278.53,1306.74,1261.3,1303.82,1303.82,50485.62,6892.3,6917.1,0.196560196560197,203.8,4.7,13870.188,-6.5,845594.0
2006-07-01,1270.06,1280.42,1224.54,1276.66,1276.66,46348.22,6873.6,6886.3,0.295712173484489,202.9,4.7,13870.188,0.7,847986.75
2006-06-01,1270.05,1290.68,1219.29,1270.2,1270.2,54873.26,6852.1,6844.9,0.197530864197532,201.8,4.6,13753.424,17.0,847214.75
2006-05-01,1310.61,1326.7,1245.34,1270.09,1270.09,54312.83,6798.4,6806.9,0.496277915632743,201.3,4.6,13753.424,20.7,844002.6
2006-04-01,1302.88,1318.16,1280.74,1310.61,1310.61,43308.43,6860.1,6800.1,0.850850850850834,200.7,4.7,13753.424,3.7,839332.75
2006-03-01,1280.66,1310.88,1268.42,1294.87,1294.87,50905.04,6796.7,6762.9,0.55359838953198,199.7,4.7,13599.16,-4.7,839789.0
2006-02-01,1280.08,1297.57,1253.61,1280.66,1280.66,42859.94,6724.2,6748.6,0.20171457387795,199.4,4.8,13599.16,14.4,835213.5
2006-01-01,1248.29,1294.9,1245.74,1280.08,1280.08,49211.65,6707.1,6724.3,0.762195121951216,199.3,4.7,13599.16,22.0,838455.25
2005-12-01,1249.48,1275.8,1246.59,1248.29,1248.29,41756.13,6708.9,6681.9,-0.40485829959513,198.1,4.9,13324.204,31.2,841163.0
2005-11-01,1207.01,1270.64,1201.07,1249.48,1249.48,45102.87,6655.7,6655.0,-0.803212851405626,198.1,5.0,13324.204,9.0,827294.2
2005-10-01,1228.81,1233.34,1168.2,1207.01,1207.01,49793.79,6615.0,6638.6,0.201207243460752,199.1,5.0,13324.204,1.7,820685.75
2005-09-01,1220.33,1243.13,1205.35,1228.81,1228.81,44777.51,6587.7,6604.3,1.22199592668025,198.8,5.0,13142.642,0.5,821997.5
2005-08-01,1234.18,1245.86,1201.07,1220.33,1220.33,42030.09,6555.0,6570.2,0.511770726714434,196.1,4.9,13142.642,19.1,816248.0
2005-07-01,1191.33,1245.15,1183.55,1234.18,1234.18,37464.67,6530.7,6537.4,0.462724935732656,194.9,5.0,13142.642,6.3,816337.25
2005-06-01,1191.5,1219.59,1188.3,1191.33,1191.33,40334.04,6511.8,6505.8,0.0514403292181004,193.7,5.0,12922.656,-8.1,813598.0
2005-05-01,1156.85,1199.56,1146.18,1191.5,1191.5,39321.99,6459.8,6473.3,-0.102774922918795,193.6,5.1,12922.656,10.9,806443.75
2005-04-01,1180.59,1191.88,1136.15,1156.85,1156.85,43424.27,6508.3,6455.9,0.672529746508014,193.7,5.2,12922.656,-0.9,804625.0
2005-03-01,1203.6,1229.11,1163.69,1180.59,1180.59,39014.15,6464.9,6441.9,0.782064650677772,193.1,5.2,12767.286,12.4,803549.0
2005-02-01,1181.27,1212.44,1180.95,1203.6,1203.6,29297.41,6405.7,6432.8,0.576822233875206,192.4,5.4,12767.286,12.2,801637.0
2005-01-01,1211.92,1217.8,1163.75,1181.27,1181.27,31498.8,6404.1,6424.5,0.210194429847596,191.6,5.3,12767.286,-29.4,808065.75
2004-12-01,1173.78,1217.33,1173.78,1211.92,1211.92,31102.5,6447.4,6418.3,-0.366492146596853,191.7,5.4,12527.214,-18.1,809871.6
2004-11-01,1130.2,1188.46,1127.6,1173.82,1173.82,30460.28,6405.1,6399.8,0.0523834468308086,191.7,5.4,12527.214,-4.0,799709.0
2004-10-01,1114.58,1142.05,1090.29,1130.2,1130.2,31511.0,6355.6,6373.3,0.526592943654557,190.8,5.5,12527.214,-1.8,789257.25
2004-09-01,1104.24,1131.54,1099.18,1114.58,1114.58,26829.87,6334.0,6345.3,0.211081794195252,189.8,5.4,12305.307,10.6,787138.6
2004-08-01,1101.72,1109.68,1060.72,1104.24,1104.24,26586.8,6300.9,6310.6,0.0527983104540587,189.2,5.4,12305.307,-15.3,771805.25
2004-07-01,1140.84,1140.84,1078.78,1101.72,1101.72,29285.6,6279.1,6284.3,-0.158144438587237,189.1,5.5,12305.307,22.7,776774.25
2004-06-01,1120.68,1146.34,1113.32,1140.84,1140.84,27529.5,6272.8,6270.5,0.317292437863566,188.9,5.6,12112.815,31.4,771456.4
2004-05-01,1107.3,1127.74,1076.32,1120.68,1120.68,29326.4,6249.6,6268.1,0.585106382978719,188.2,5.6,12112.815,-18.3,763907.75
2004-04-01,1126.21,1150.57,1107.23,1107.3,1107.3,31611.9,6235.9,6191.2,0.320170757737461,187.4,5.6,12112.815,13.4,763188.25
2004-03-01,1144.94,1163.23,1087.16,1126.21,1126.21,33597.9,6168.5,6150.1,0.644468313641263,187.1,5.8,11923.447,-15.4,756553.8
2004-02-01,1131.13,1158.98,1124.44,1144.94,1144.94,27985.6,6089.0,6114.3,0.539956803455712,186.7,5.6,11923.447,40.0,754844.25
2004-01-01,1111.92,1155.38,1105.08,1131.13,1131.13,32820.0,6058.9,6075.5,0.48833423765599,186.3,5.7,11923.447,31.6,761212.75
2003-12-01,1058.2,1112.56,1053.41,1111.92,1111.92,27839.13,6098.6,6067.3,-0.108401084010841,185.5,5.7,11772.234,-14.1,760941.6
2003-11-01,1050.71,1063.65,1031.2,1058.2,1058.2,24463.22,6077.0,6069.1,-0.270270270270264,185.0,5.8,11772.234,-20.2,748703.75
2003-10-01,995.97,1053.79,995.97,1050.71,1050.71,32298.5,6048.3,6063.6,-0.107991360691145,184.9,6.0,11772.234,-12.7,748346.0
2003-09-01,1008.01,1040.29,990.36,995.97,995.97,29940.11,6063.9,6072.8,0.325027085590467,185.1,6.1,11566.669,-34.8,744294.25
2003-08-01,990.31,1011.01,960.84,1008.01,1008.01,24881.47,6091.8,6100.8,0.380641653072316,184.5,6.1,11566.669,-6.7,741373.25
2003-07-01,974.5,1015.41,962.1,990.31,990.31,31553.2,6035.3,6042.7,0.108873162765379,183.7,6.2,11566.669,-7.2,742875.4
2003-06-01,963.59,1015.33,963.59,974.5,974.5,31219.4,5992.4,5996.0,0.108991825613079,183.1,6.3,11312.766,16.2,739852.0
2003-05-01,916.92,965.38,902.83,963.59,963.59,30952.1,5938.2,5959.3,-0.163220892274219,182.9,6.1,11312.766,20.2,739401.25
2003-04-01,848.18,924.24,847.85,916.92,916.92,29669.61,5938.5,5898.8,-0.217155266015187,183.2,6.0,11312.766,2.2,738120.8
2003-03-01,841.15,895.9,788.9,848.18,848.18,30080.03,5882.1,5861.4,0.600764609502999,183.9,5.9,11174.129,30.6,724786.75
2003-02-01,855.7,864.64,806.29,841.15,841.15,25235.3,5820.8,5840.7,0.770500825536602,183.6,5.9,11174.129,20.8,722551.75
2003-01-01,879.82,935.05,840.34,855.7,855.7,30749.58,5793.5,5804.6,0.442233278054161,182.6,5.8,11174.129,-24.7,725962.8
2002-12-01,936.31,954.28,869.45,879.82,879.82,25993.64,5804.0,5772.0,-0.220628792057364,181.8,6.0,11061.433,21.4,
2002-11-01,885.76,941.82,872.05,936.31,936.31,29200.96,5757.5,5750.6,0.0,181.5,5.9,11061.433,31.9,
2002-10-01,815.28,907.44,768.63,885.76,885.76,37856.31,5685.3,5700.4,0.165745856353599,181.2,5.7,11061.433,22.9,
2002-09-01,916.07,924.02,800.2,815.28,815.28,27723.71,5646.5,5656.0,0.16602102933039,180.8,5.7,10984.04,19.7,
2002-08-01,911.62,965.0,833.44,916.07,916.07,29298.4,5621.7,5631.6,0.333148250971684,180.5,5.7,10984.04,50.9,
2002-07-01,989.82,994.46,775.68,911.62,911.62,42228.72,5578.7,5589.1,0.111172873818774,180.0,5.8,10984.04,6.6,
2002-06-01,1067.14,1070.74,952.92,989.82,989.82,29981.51,5537.8,5546.5,0.0556173526140231,179.6,5.8,10887.46,-5.5,
2002-05-01,1076.92,1106.59,1048.96,1067.14,1067.14,26905.5,5499.8,5521.5,0.0,179.5,5.8,10887.46,9.6,
2002-04-01,1147.39,1147.84,1063.46,1076.92,1076.92,28568.9,5533.4,5495.4,0.559284116331084,179.3,5.9,10887.46,5.1,
2002-03-01,1106.73,1173.94,1106.73,1147.39,1147.39,26563.2,5519.2,5495.2,0.562429696287966,178.5,5.7,10783.5,-19.9,
2002-02-01,1130.2,1130.2,1074.36,1106.73,1106.73,26047.6,5470.4,5483.4,0.395256916996071,178.0,5.7,10783.5,-4.6,
2002-01-01,1148.08,1176.97,1081.66,1130.2,1130.2,29746.2,5451.0,5454.1,0.226372382569328,177.7,5.7,10783.5,-0.5,
2001-12-01,1139.45,1173.62,1114.53,1148.08,1148.08,25128.57,5465.0,5433.8,-0.394588500563707,177.4,5.7,10660.465,-1.9,
2001-11-01,1059.78,1163.38,1054.31,1139.45,1139.45,26330.0,5384.7,5380.8,-0.168823860438935,177.5,5.5,10660.465,-8.3,
2001-10-01,1040.94,1110.61,1026.76,1059.78,1059.78,29951.28,5321.7,5337.1,-0.33651149747618,177.6,5.3,10660.465,-21.6,
2001-09-01,1133.58,1155.4,944.75,1040.94,1040.94,25025.29,5336.6,5348.4,0.450704225352114,178.1,5.0,10598.02,37.5,
2001-08-01,1211.23,1226.27,1124.87,1133.58,1133.58,23359.2,5225.0,5237.2,0.0,177.4,4.9,10598.02,1.0,
2001-07-01,1224.42,1239.78,1165.54,1211.23,1211.23,23793.71,5189.2,5203.4,-0.280898876404488,177.4,4.6,10598.02,18.2,
2001-06-01,1255.82,1286.62,1203.03,1224.38,1224.38,24748.03,5160.6,5173.5,0.16882386043895,177.7,4.5,10599.0,-12.5,
2001-05-01,1249.46,1315.93,1232.0,1255.82,1255.82,24525.9,5111.2,5133.0,0.452232899943458,177.3,4.3,10599.0,-26.4,
2001-04-01,1160.33,1269.3,1091.99,1249.46,1249.46,25409.99,5174.1,5135.9,0.3972758229285,176.4,4.4,10599.0,15.2,
2001-03-01,1239.94,1267.42,1081.19,1160.33,1160.33,27806.61,5098.3,5072.0,0.227531285551749,176.1,4.3,10470.231,2.3,
2001-02-01,1366.01,1376.38,1215.44,1239.94,1239.94,21644.4,5008.0,5014.1,0.39977155910909,176.0,4.2,10470.231,-4.5,
2001-01-01,1320.28,1383.37,1274.62,1366.01,1366.01,27829.8,4979.0,4975.7,0.632183908045972,175.6,4.2,10470.231,23.8,
2000-12-01,1314.95,1389.05,1254.07,1320.28,1320.28,23610.8,4953.0,4925.0,-0.0574382538770748,174.6,3.9,10435.744,32.5,
2000-11-01,1429.4,1438.46,1294.9,1314.95,1314.95,20532.3,4882.0,4880.3,0.0574712643678088,174.2,3.9,10435.744,-7.1,
2000-10-01,1436.52,1454.82,1305.79,1429.4,1429.4,25951.4,4853.9,4869.2,0.172711571675311,173.9,3.9,10435.744,-7.3,
2000-09-01,1517.68,1530.09,1419.44,1436.51,1436.51,20838.3,4840.0,4853.2,0.520833333333312,173.6,3.9,10318.165,-0.1,
2000-08-01,1430.83,1525.21,1425.43,1517.68,1517.68,20363.7,4804.4,4817.5,0.0,172.7,4.1,10318.165,-0.4,
2000-07-01,1454.6,1517.32,1413.89,1430.83,1430.83,19089.1,4773.9,4789.4,0.23201856148492,172.7,4.0,10318.165,9.3,
2000-06-01,1420.6,1488.93,1420.6,1454.6,1454.6,21738.3,4757.7,4771.8,0.524781341107882,172.2,4.0,10247.72,-2.8,
2000-05-01,1452.43,1481.51,1361.09,1420.6,1420.6,19898.3,4732.3,4753.9,0.116754232340923,171.2,4.0,10247.72,16.2,
2000-04-01,1498.58,1527.19,1339.4,1452.43,1452.43,20106.46,4806.1,4766.1,0.058411214953279,170.9,3.8,10247.72,7.1,
2000-03-01,1366.42,1552.87,1346.62,1498.58,1498.58,26156.2,4736.0,4710.2,0.824499411071837,171.0,4.0,10002.179,16.5,
2000-02-01,1394.46,1444.55,1325.07,1366.42,1366.42,20912.0,4674.4,4679.4,0.592417061611377,170.0,4.1,10002.179,1.4,
2000-01-01,1469.25,1478.0,1350.14,1394.46,1394.46,21494.4,4672.6,4666.2,0.297088532382659,169.3,4.0,10002.179,18.8,
