DATE,M2,Open,High,Low,Close,Adj_Close,Volume_in_mln
2000-01-03,4697.4,1469.25,1478.0,1438.36,1455.22,1455.22,931.8
2000-01-10,4699.2,1441.47,1464.36,1441.47,1457.6,1457.6,1064.8
2000-01-17,4688.2,1465.15,1465.15,1451.3,1455.14,1455.14,1056.7
2000-01-24,4652.0,1441.36,1454.09,1395.42,1401.53,1401.53,1115.8
2000-01-31,4634.7,1360.16,1394.48,1350.14,1394.46,1394.46,993.8
2000-02-07,4684.6,1424.37,1427.15,1413.33,1424.24,1424.24,918.1
2000-02-14,4675.3,1387.12,1394.93,1380.53,1389.94,1389.94,927.3
2000-02-21,4668.5,1346.09,1358.11,1331.88,1352.17,1352.17,980.0
2000-02-28,4666.4,1333.36,1360.82,1325.07,1348.05,1348.05,1026.5
2000-03-06,4722.6,1409.17,1409.74,1384.75,1391.28,1391.28,1029.0
2000-03-13,4731.4,1395.07,1398.39,1364.84,1383.62,1383.62,1016.1
2000-03-20,4744.2,1464.47,1470.3,1448.49,1456.63,1456.63,920.8
2000-03-27,4727.0,1527.46,1534.63,1518.46,1523.86,1523.86,901.0
2000-04-03,4783.4,1498.58,1507.19,1486.96,1505.97,1505.97,1021.7
2000-04-10,4831.1,1516.35,1527.19,1503.35,1504.46,1504.46,853.7
2000-04-17,4842.8,1356.56,1401.53,1346.5,1401.44,1401.44,1204.7
2000-04-24,4800.6,1434.54,1434.54,1407.13,1429.86,1429.86,868.7
2000-05-01,4738.0,1452.43,1481.51,1452.43,1468.25,1468.25,966.3
2000-05-08,4738.1,1432.63,1432.63,1417.05,1424.17,1424.17,787.6
2000-05-15,4739.6,1420.96,1452.39,1416.54,1452.36,1452.36,854.6
2000-05-22,4723.6,1406.95,1410.55,1368.73,1400.72,1400.72,869.0
2000-05-29,4719.9,1378.02,1422.45,1378.02,1422.45,1422.45,844.2
2000-06-05,4777.3,1477.26,1477.28,1464.68,1467.63,1467.63,838.6
2000-06-12,4776.7,1456.95,1462.93,1445.99,1446.0,1446.0,774.1
2000-06-19,4762.5,1464.46,1488.93,1459.05,1486.0,1486.0,921.7
2000-06-26,4721.5,1441.48,1459.66,1441.48,1455.31,1455.31,889.0
2000-07-03,4764.4,1454.6,1469.58,1450.85,1469.54,1469.54,451.9
2000-07-10,4796.6,1478.9,1486.56,1474.76,1475.62,1475.62,838.7
2000-07-17,4776.1,1509.98,1517.32,1505.26,1510.49,1510.49,906.0
2000-07-24,4754.9,1480.19,1485.88,1463.8,1464.29,1464.29,880.3
2000-07-31,4758.5,1419.89,1437.65,1418.71,1430.83,1430.83,952.6
2000-08-07,4814.3,1462.93,1480.8,1460.72,1479.32,1479.32,854.8
2000-08-14,4806.2,1471.84,1491.64,1468.56,1491.56,1491.56,783.8
2000-08-21,4807.7,1491.72,1502.84,1491.13,1499.48,1499.48,731.6
2000-08-28,4792.7,1506.45,1523.95,1506.45,1514.09,1514.09,733.6
2000-09-04,4839.2,1520.77,1520.77,1504.21,1507.08,1507.08,838.5
2000-09-11,4861.8,1494.5,1506.76,1483.01,1489.26,1489.26,899.3
2000-09-18,4851.8,1465.81,1467.77,1441.92,1444.51,1444.51,962.5
2000-09-25,4802.4,1448.72,1457.42,1435.93,1439.03,1439.03,982.4
2000-10-02,4833.2,1436.52,1445.6,1429.83,1436.23,1436.23,1051.2
2000-10-09,4866.9,1408.99,1409.69,1392.48,1402.03,1402.03,716.6
2000-10-16,4872.8,1374.17,1379.48,1365.06,1374.62,1374.62,1005.4
2000-10-23,4842.1,1396.93,1406.96,1387.75,1395.78,1395.78,1046.8
2000-10-30,4828.9,1379.58,1406.36,1376.86,1398.66,1398.66,1186.5
2000-11-06,4881.0,1428.76,1438.46,1427.72,1432.19,1432.19,930.9
2000-11-13,4880.6,1365.98,1365.98,1328.62,1351.26,1351.26,1129.3
2000-11-20,4880.6,1367.72,1367.72,1341.67,1342.62,1342.62,955.8
2000-11-27,4883.8,1341.77,1362.5,1341.77,1348.97,1348.97,946.1
2000-12-04,4919.6,1315.18,1332.06,1310.23,1324.97,1324.97,1103.0
2000-12-11,4932.7,1369.89,1389.05,1364.14,1380.2,1380.2,1202.4
2000-12-18,4948.2,1312.15,1332.32,1312.15,1322.74,1322.74,1189.9
2000-12-25,4956.0,1305.97,1315.94,1301.64,1315.19,1315.19,806.5
2001-01-01,4984.9,1320.28,1320.28,1276.05,1283.27,1283.27,1129.4
2001-01-08,5008.8,1298.35,1298.35,1276.29,1295.86,1295.86,1115.5
2001-01-15,5004.4,1318.32,1327.81,1313.33,1326.65,1326.65,1205.7
2001-01-22,4976.5,1342.54,1353.62,1333.84,1342.9,1342.9,1164.0
2001-01-29,4930.5,1354.92,1365.54,1350.36,1364.17,1364.17,1053.1
2001-02-05,4990.9,1349.47,1354.56,1344.48,1354.31,1354.31,1013.0
2001-02-12,4998.8,1314.76,1330.96,1313.64,1330.31,1330.31,1039.1
2001-02-19,5007.7,1301.53,1307.16,1278.44,1278.94,1278.94,1112.2
2001-02-26,5011.0,1245.86,1267.69,1241.71,1267.65,1267.65,1130.8
2001-03-05,5080.0,1234.18,1242.55,1234.04,1241.41,1241.41,929.2
2001-03-12,5092.0,1233.42,1233.42,1176.78,1180.16,1180.16,1229.0
2001-03-19,5096.9,1150.53,1173.5,1147.18,1170.81,1170.81,1126.2
2001-03-26,5087.5,1139.83,1160.02,1139.83,1152.69,1152.69,1114.0
2001-04-02,5140.0,1160.33,1169.51,1137.51,1145.87,1145.87,1254.9
2001-04-09,5196.1,1128.43,1146.13,1126.38,1137.59,1137.59,1062.8
2001-04-16,5223.5,1183.5,1184.64,1167.38,1179.68,1179.68,913.9
2001-04-23,5173.7,1242.98,1242.98,1217.47,1224.36,1224.36,1012.6
2001-04-30,5102.0,1253.05,1269.3,1243.99,1249.46,1249.46,1266.8
2001-05-07,5120.7,1266.61,1270.0,1259.19,1263.51,1263.51,949.0
2001-05-14,5115.1,1245.67,1249.68,1241.02,1248.92,1248.92,858.2
2001-05-21,5110.3,1291.96,1312.95,1287.87,1312.83,1312.83,1174.9
2001-05-28,5090.8,1277.89,1278.42,1265.41,1267.93,1267.93,1026.0
2001-06-04,5165.5,1260.67,1267.17,1256.36,1267.11,1267.11,836.5
2001-06-11,5171.2,1264.96,1264.96,1249.23,1254.39,1254.39,870.1
2001-06-18,5177.7,1214.36,1221.23,1208.33,1208.43,1208.43,1111.6
2001-06-25,5123.5,1225.35,1231.5,1213.6,1218.6,1218.6,1050.1
2001-07-02,5164.6,1224.42,1239.78,1224.03,1236.72,1236.72,1128.3
2001-07-09,5207.3,1190.59,1201.76,1189.75,1198.78,1198.78,1045.7
2001-07-16,5201.9,1215.68,1219.63,1200.05,1202.45,1202.45,1039.8
2001-07-23,5171.1,1210.85,1215.22,1190.5,1191.03,1191.03,986.9
2001-07-30,5169.1,1205.82,1209.05,1200.41,1204.52,1204.52,909.1
2001-08-06,5232.4,1214.35,1214.35,1197.35,1200.48,1200.48,811.7
2001-08-13,5231.3,1190.16,1193.82,1185.12,1191.29,1191.29,837.6
2001-08-20,5227.5,1161.97,1171.41,1160.94,1171.41,1171.41,897.1
2001-08-27,5206.1,1184.93,1186.85,1178.07,1179.21,1179.21,842.6
2001-09-03,5249.6,1133.58,1155.4,1129.06,1132.94,1132.94,1178.3
2001-09-10,5295.6,1085.78,1096.94,1073.15,1092.54,1092.54,1276.6
2001-09-17,5457.2,1092.54,1092.54,1037.46,1038.77,1038.77,2330.83
2001-09-24,5318.5,965.8,1008.44,965.8,1003.45,1003.45,1746.6
2001-10-01,5301.2,1040.94,1040.94,1026.76,1038.55,1038.55,1175.6
2001-10-08,5334.9,1071.37,1071.37,1056.88,1062.44,1062.44,979.0
2001-10-15,5336.9,1091.65,1091.65,1078.19,1089.98,1089.98,1024.7
2001-10-22,5311.7,1073.48,1090.57,1070.79,1089.9,1089.9,1105.7
2001-10-29,5296.3,1104.61,1104.61,1078.3,1078.3,1078.3,1106.1
2001-11-05,5370.0,1087.2,1106.72,1087.2,1102.84,1102.84,1267.7
2001-11-12,5376.5,1120.31,1121.71,1098.32,1118.33,1118.33,991.6
2001-11-19,5388.6,1138.65,1151.06,1138.65,1151.06,1151.06,1316.8
2001-11-26,5383.1,1150.34,1157.88,1146.17,1157.42,1157.42,1129.8
2001-12-03,5419.1,1139.45,1139.45,1125.78,1129.9,1129.9,1202.9
2001-12-10,5456.0,1158.31,1158.31,1139.66,1139.93,1139.93,1218.7
2001-12-17,5478.3,1123.09,1137.3,1122.66,1134.36,1134.36,1260.4
2001-12-24,5456.1,1144.89,1147.83,1144.62,1144.65,1144.65,439.67
2001-12-31,5474.6,1161.02,1161.16,1148.04,1148.08,1148.08,943.6
2002-01-07,5499.4,1172.51,1176.97,1163.55,1164.89,1164.89,1308.3
2002-01-14,5476.7,1145.6,1145.6,1138.15,1138.41,1138.41,1286.4
2002-01-21,5444.0,1127.58,1135.26,1117.91,1119.31,1119.31,1311.6
2002-01-28,5401.1,1133.28,1138.63,1126.66,1133.06,1133.06,1186.8
2002-02-04,5454.0,1122.2,1122.2,1092.25,1094.44,1094.44,1437.6
2002-02-11,5466.9,1096.22,1112.01,1094.68,1111.94,1111.94,1159.4
2002-02-18,5474.7,1104.18,1104.18,1082.24,1083.34,1083.34,1189.9
2002-02-25,5461.2,1089.84,1112.71,1089.84,1109.43,1109.43,1367.4
2002-03-04,5511.4,1131.78,1153.84,1130.93,1153.84,1153.84,1594.3
2002-03-11,5524.7,1164.31,1173.03,1159.58,1168.26,1168.26,1210.2
2002-03-18,5526.5,1166.16,1172.73,1159.14,1165.55,1165.55,1169.5
2002-03-25,5485.8,1148.7,1151.04,1131.87,1131.87,1131.87,1057.9
2002-04-01,5534.0,1147.39,1147.84,1132.87,1146.54,1146.54,1050.9
2002-04-08,5561.3,1122.73,1125.41,1111.79,1125.29,1125.29,1095.3
2002-04-15,5577.0,1111.01,1114.86,1099.41,1102.55,1102.55,1120.4
2002-04-22,5534.0,1125.17,1125.17,1105.62,1107.83,1107.83,1181.8
2002-04-29,5462.6,1076.32,1078.95,1063.62,1065.45,1065.45,1314.7
2002-05-06,5502.5,1073.43,1075.96,1052.65,1052.67,1052.67,1122.6
2002-05-13,5504.4,1054.99,1074.84,1053.9,1074.56,1074.56,1088.6
2002-05-20,5504.5,1106.59,1106.59,1090.61,1091.88,1091.88,989.8
2002-05-27,5484.4,1083.82,1085.98,1070.31,1074.55,1074.55,996.5
2002-06-03,5519.6,1067.14,1070.74,1039.9,1040.68,1040.68,1324.3
2002-06-10,5547.4,1027.53,1038.18,1025.45,1030.74,1030.74,1226.2
2002-06-17,5561.2,1007.27,1036.17,1007.27,1036.17,1036.17,1236.6
2002-06-24,5508.7,989.14,1002.11,970.85,992.72,992.72,1552.6
2002-07-01,5539.7,989.82,994.46,967.43,968.65,968.65,1425.5
2002-07-08,5589.5,989.03,993.56,972.91,976.98,976.98,1184.4
2002-07-15,5586.3,921.39,921.39,876.46,917.93,917.93,2574.8
2002-07-22,5566.2,847.76,854.13,813.26,819.85,819.85,2248.06
2002-07-29,5565.8,852.84,898.96,852.84,898.96,898.96,1778.65
2002-08-05,5631.4,864.24,864.24,833.44,834.6,834.6,1425.5
2002-08-12,5628.3,908.64,908.64,892.38,903.8,903.8,1036.5
2002-08-19,5626.0,928.77,951.17,927.21,950.7,950.7,1299.8
2002-08-26,5595.6,940.86,950.8,930.42,947.95,947.95,1016.9
2002-09-02,5627.7,916.07,916.07,877.51,878.02,878.02,1289.8
2002-09-09,5676.0,893.92,907.34,882.92,902.96,902.96,1130.6
2002-09-16,5676.2,889.81,891.84,878.91,891.1,891.1,1001.4
2002-09-23,5614.4,845.39,845.39,825.76,833.7,833.7,1381.1
2002-09-30,5618.0,827.37,827.37,800.2,815.28,815.28,1721.87
2002-10-07,5683.3,800.58,808.21,782.96,785.28,785.28,1576.5
2002-10-14,5695.8,835.32,844.39,828.37,841.44,841.44,1200.3
2002-10-21,5690.6,884.39,900.69,873.06,899.72,899.72,1447.0
2002-10-28,5667.9,897.65,907.44,886.15,890.23,890.23,1382.6
2002-11-04,5737.0,900.96,924.58,900.96,908.35,908.35,1645.9
2002-11-11,5750.7,894.74,894.74,874.63,876.19,876.19,1113.0
2002-11-18,5772.7,909.83,915.91,899.48,900.36,900.36,1282.6
2002-11-25,5728.6,930.55,937.15,923.31,932.87,932.87,1574.0
2002-12-02,5786.3,936.31,954.28,927.72,934.53,934.53,1612.0
2002-12-09,5797.7,912.23,912.23,891.97,892.0,892.0,1320.8
2002-12-16,5817.1,889.48,910.42,889.48,910.4,910.4,1271.6
2002-12-23,5801.1,895.74,902.43,892.26,897.38,897.38,1112.1
2002-12-30,5796.5,875.4,882.1,870.23,879.39,879.39,1057.8
2003-01-06,5838.3,908.59,931.77,908.59,929.01,929.01,1435.9
2003-01-13,5815.8,927.57,935.05,922.05,926.26,926.26,1396.3
2003-01-20,5800.3,901.78,906.0,887.62,887.62,887.62,1335.2
2003-01-27,5748.4,861.4,863.95,844.25,847.48,847.48,1435.9
2003-02-03,5775.9,855.7,864.64,855.7,860.32,860.32,1258.5
2003-02-10,5819.3,829.69,837.16,823.53,835.97,835.97,1238.2
2003-02-17,5849.7,834.89,852.87,834.89,851.17,851.17,1250.8
2003-02-24,5800.0,848.17,848.17,832.16,832.58,832.58,1229.2
2003-03-03,5845.4,841.15,852.34,832.74,834.81,834.81,1208.9
2003-03-10,5885.1,828.89,828.89,806.57,807.48,807.48,1255.0
2003-03-17,5902.0,833.27,862.79,827.17,862.79,862.79,1700.42
2003-03-24,5856.4,895.79,895.79,862.02,864.23,864.23,1293.0
2003-03-31,5884.0,863.5,863.5,843.68,848.18,848.18,1495.5
2003-04-07,5956.0,878.85,904.89,878.85,879.93,879.93,1494.0
2003-04-14,5965.2,868.3,885.26,868.3,885.23,885.23,1131.0
2003-04-21,5948.9,893.58,898.01,888.17,892.01,892.01,1118.7
2003-04-28,5890.3,898.81,918.15,898.81,914.84,914.84,1273.0
2003-05-05,5952.1,930.08,933.88,924.55,926.55,926.55,1446.3
2003-05-12,5945.5,933.41,946.84,929.3,945.11,945.11,1378.8
2003-05-19,5936.3,944.3,944.3,920.23,920.77,920.77,1375.7
2003-05-26,5909.6,933.22,952.76,927.33,951.48,951.48,1532.0
2003-06-02,5957.4,963.59,979.11,963.59,967.0,967.0,1662.5
2003-06-09,5995.5,987.76,987.76,972.59,975.93,975.93,1307.0
2003-06-16,6022.9,988.61,1010.86,988.61,1010.74,1010.74,1345.9
2003-06-23,5966.4,995.69,995.69,977.4,981.64,981.64,1398.1
2003-06-30,5983.9,976.22,983.61,973.6,974.5,974.5,1587.2
2003-07-07,6075.6,985.7,1005.56,985.7,1004.42,1004.42,1429.1
2003-07-14,6046.0,998.14,1015.41,998.14,1003.86,1003.86,1448.9
2003-07-21,6019.3,993.32,993.32,975.63,978.8,978.8,1254.2
2003-07-28,5997.9,998.68,1000.68,993.59,996.52,996.52,1328.6
2003-08-04,6094.5,980.15,985.75,966.79,982.82,982.82,1318.7
2003-08-11,6098.1,977.59,985.46,974.21,980.59,980.59,1022.2
2003-08-18,6133.0,990.67,1000.35,990.67,999.74,999.74,1127.6
2003-08-25,6040.9,993.06,993.71,987.91,993.71,993.71,971.7
2003-09-01,6072.4,1008.01,1022.59,1005.73,1021.99,1021.99,1470.5
2003-09-08,6113.0,1021.39,1032.41,1021.39,1031.64,1031.64,1299.3
2003-09-15,6104.4,1018.63,1019.79,1013.59,1014.81,1014.81,1151.3
2003-09-22,6033.5,1036.3,1036.3,1018.3,1022.82,1022.82,1278.8
2003-09-29,6001.5,996.85,1006.89,995.31,1006.58,1006.58,1366.5
2003-10-06,6066.0,1029.85,1036.48,1029.15,1034.35,1034.35,1025.8
2003-10-13,6066.8,1038.06,1048.9,1038.06,1045.35,1045.35,1040.5
2003-10-20,6060.1,1039.32,1044.69,1036.13,1044.68,1044.68,1172.6
2003-10-27,6013.1,1028.91,1037.75,1028.91,1031.13,1031.13,1371.8
2003-11-03,6048.3,1050.71,1061.44,1050.71,1059.02,1059.02,1378.2
2003-11-10,6081.2,1053.21,1053.65,1045.58,1047.11,1047.11,1243.6
2003-11-17,6100.7,1050.35,1050.35,1035.28,1043.63,1043.63,1374.3
2003-11-24,6045.1,1035.28,1052.08,1035.28,1052.08,1052.08,1302.8
2003-12-01,6086.3,1058.2,1070.47,1058.2,1070.12,1070.12,1375.0
2003-12-08,6101.9,1061.5,1069.59,1060.93,1069.3,1069.3,1218.9
2003-12-15,6107.7,1074.14,1082.79,1068.0,1068.04,1068.04,1520.8
2003-12-22,6098.3,1088.66,1092.94,1086.14,1092.94,1092.94,1251.7
2003-12-29,6085.3,1095.89,1109.48,1095.89,1109.48,1109.48,1058.8
2004-01-05,6118.4,1108.48,1122.22,1108.48,1122.22,1122.22,1578.2
2004-01-12,6082.1,1121.86,1127.85,1120.9,1127.23,1127.23,1510.2
2004-01-19,6062.0,1139.83,1142.93,1135.4,1138.77,1138.77,1698.2
2004-01-26,6008.7,1141.55,1155.38,1141.0,1155.37,1155.37,1480.6
2004-02-02,6037.0,1131.13,1142.45,1127.87,1135.26,1135.26,1599.2
2004-02-09,6074.4,1142.76,1144.46,1139.21,1139.81,1139.81,1303.5
2004-02-16,6102.7,1145.81,1158.98,1145.81,1156.99,1156.99,1396.5
2004-02-23,6081.5,1144.11,1146.69,1136.98,1140.99,1140.99,1380.4
2004-03-01,6112.5,1144.94,1157.45,1144.94,1155.97,1155.97,1497.1
2004-03-08,6155.3,1156.86,1159.94,1146.97,1147.2,1147.2,1254.4
2004-03-15,6173.9,1120.57,1120.57,1103.36,1104.49,1104.49,1600.6
2004-03-22,6169.5,1109.78,1109.78,1089.54,1095.4,1095.4,1452.3
2004-03-29,6167.0,1108.06,1124.37,1108.06,1122.47,1122.47,1405.5
2004-04-05,6247.4,1141.81,1150.57,1141.64,1150.57,1150.57,1413.7
2004-04-12,6265.5,1139.32,1147.29,1139.32,1145.2,1145.2,1102.4
2004-04-19,6255.3,1134.56,1136.18,1129.84,1135.82,1135.82,1194.9
2004-04-26,6191.4,1140.6,1145.08,1132.91,1135.53,1135.53,1290.6
2004-05-03,6219.2,1107.3,1118.72,1107.3,1117.49,1117.49,1571.6
2004-05-10,6251.1,1098.7,1098.7,1079.63,1087.12,1087.12,1918.4
2004-05-17,6279.6,1095.7,1095.7,1079.36,1084.1,1084.1,1430.1
2004-05-24,6222.2,1093.56,1101.28,1091.77,1095.41,1095.41,1227.5
2004-05-31,6242.2,1120.68,1122.7,1113.32,1121.2,1121.2,1238.0
2004-06-07,6295.8,1122.5,1140.54,1122.5,1140.42,1140.42,1211.8
2004-06-14,6302.8,1136.47,1136.47,1122.16,1125.29,1125.29,1179.4
2004-06-21,6265.8,1135.02,1138.05,1129.64,1130.3,1130.3,1123.9
2004-06-28,6230.3,1134.43,1142.6,1131.72,1133.35,1133.35,1354.6
2004-07-05,6302.8,1125.38,1125.38,1113.21,1116.21,1116.21,1283.3
2004-07-12,6302.9,1112.81,1116.11,1106.71,1114.35,1114.35,1114.6
2004-07-19,6276.1,1101.39,1105.52,1096.55,1100.9,1100.9,1319.9
2004-07-26,6240.6,1086.2,1089.82,1078.78,1084.07,1084.07,1413.4
2004-08-02,6277.5,1101.72,1108.6,1097.34,1106.62,1106.62,1276.0
2004-08-09,6313.5,1063.97,1069.46,1063.97,1065.22,1065.22,1086.0
2004-08-16,6326.7,1064.8,1080.66,1064.8,1079.34,1079.34,1206.2
2004-08-23,6288.4,1098.35,1101.4,1094.73,1095.68,1095.68,1021.9
2004-08-30,6268.5,1107.77,1107.77,1099.15,1099.15,1099.15,843.1
2004-09-06,6350.3,1113.63,1124.08,1113.63,1121.3,1121.3,1214.4
2004-09-13,6360.8,1123.92,1129.78,1123.35,1125.82,1125.82,1299.8
2004-09-20,6344.2,1128.55,1128.55,1120.34,1122.2,1122.2,1197.6
2004-09-27,6293.3,1110.11,1110.11,1103.24,1103.52,1103.52,1263.5
2004-10-04,6346.9,1131.5,1140.13,1131.5,1135.17,1135.17,1534.0
2004-10-11,6359.1,1122.14,1126.2,1122.14,1124.39,1124.39,943.8
2004-10-18,6373.7,1108.2,1114.46,1103.33,1114.02,1114.02,1373.3
2004-10-25,6326.2,1095.74,1096.81,1090.29,1094.8,1094.8,1380.5
2004-11-01,6356.4,1130.2,1133.41,1127.6,1130.51,1130.51,1395.9
2004-11-08,6402.8,1166.17,1166.77,1162.32,1164.89,1164.89,1358.7
2004-11-15,6422.9,1184.17,1184.48,1179.85,1183.81,1183.81,1453.3
2004-11-22,6396.4,1170.34,1178.18,1167.89,1177.24,1177.24,1392.7
2004-11-29,6397.6,1182.65,1186.94,1172.37,1178.57,1178.57,1378.5
2004-12-06,6438.8,1191.17,1192.41,1185.18,1190.25,1190.25,1354.4
2004-12-13,6444.4,1188.0,1198.74,1188.0,1198.68,1198.68,1436.1
2004-12-20,6458.9,1194.2,1203.43,1193.36,1194.65,1194.65,1422.8
2004-12-27,6451.7,1210.13,1214.13,1204.92,1204.92,1204.92,922.0
2005-01-03,6443.1,1211.92,1217.8,1200.32,1202.08,1202.08,1510.8
2005-01-10,6438.5,1186.19,1194.78,1184.8,1190.25,1190.25,1490.4
2005-01-17,6437.3,1184.52,1195.98,1180.1,1195.98,1195.98,1596.8
2005-01-24,6372.3,1167.87,1173.03,1163.75,1163.75,1163.75,1494.6
2005-01-31,6344.8,1171.36,1182.07,1171.36,1181.27,1181.27,1679.8
2005-02-07,6408.5,1203.03,1204.15,1199.27,1201.72,1201.72,1347.27
2005-02-14,6403.0,1205.3,1206.93,1203.59,1206.14,1206.14,1290.18
2005-02-21,6404.2,1201.59,1202.48,1184.16,1184.16,1184.16,1744.94
2005-02-28,6407.0,1211.37,1211.37,1198.13,1203.6,1203.6,1795.48
2005-03-07,6460.4,1222.12,1229.11,1222.12,1225.31,1225.31,1488.83
2005-03-14,6467.5,1200.08,1206.83,1199.51,1206.83,1206.83,1437.43
2005-03-21,6464.7,1189.65,1189.65,1178.82,1183.78,1183.78,1819.44
2005-03-28,6463.3,1171.42,1179.91,1171.42,1174.28,1174.28,1746.22
2005-04-04,6522.0,1172.79,1178.61,1167.72,1176.12,1176.12,2079.77
2005-04-11,6538.1,1181.2,1184.07,1178.69,1181.21,1181.21,1525.31
2005-04-18,6552.2,1142.62,1148.92,1139.8,1145.98,1145.98,2180.67
2005-04-25,6461.8,1152.12,1164.05,1152.12,1162.1,1162.1,1795.03
2005-05-02,6442.7,1156.85,1162.87,1154.71,1162.16,1162.16,1980.04
2005-05-09,6472.8,1171.35,1178.87,1169.38,1178.84,1178.84,1857.02
2005-05-16,6476.9,1154.05,1165.75,1153.64,1165.69,1165.69,1856.86
2005-05-23,6439.8,1189.28,1197.44,1188.76,1193.86,1193.86,1681.17
2005-05-30,6438.9,1198.78,1198.78,1191.5,1191.5,1191.5,1840.68
2005-06-06,6522.0,1196.02,1198.78,1192.75,1197.51,1197.51,1547.12
2005-06-13,6526.1,1198.11,1206.03,1194.51,1200.82,1200.82,1661.35
2005-06-20,6525.8,1216.96,1219.1,1210.65,1216.1,1216.1,1714.53
2005-06-27,6481.4,1191.57,1194.33,1188.3,1190.69,1190.69,1738.62
2005-07-04,6541.1,1194.44,1206.34,1192.49,1204.99,1204.99,1805.82
2005-07-11,6542.9,1211.86,1220.03,1211.86,1219.44,1219.44,1846.3
2005-07-18,6534.6,1227.92,1227.92,1221.13,1221.13,1221.13,1582.1
2005-07-25,6497.1,1233.68,1238.36,1228.15,1229.03,1229.03,1717.58
2005-08-01,6528.3,1234.18,1239.1,1233.8,1235.35,1235.35,1716.87
2005-08-08,6572.3,1226.42,1232.28,1222.67,1223.13,1223.13,1804.14
2005-08-15,6571.4,1230.4,1236.24,1226.2,1233.87,1233.87,1562.88
2005-08-22,6551.1,1219.71,1228.96,1216.47,1221.73,1221.73,1621.33
2005-08-29,6520.8,1205.1,1214.28,1201.53,1212.28,1212.28,1599.45
2005-09-05,6601.5,1218.02,1233.61,1218.02,1233.39,1233.39,1932.09
2005-09-12,6609.3,1241.48,1242.6,1239.15,1240.56,1240.56,1938.05
2005-09-19,6601.8,1237.91,1237.91,1227.65,1231.02,1231.02,2076.54
2005-09-26,6544.4,1215.29,1222.56,1211.84,1215.63,1215.63,2022.22
2005-10-03,6592.3,1228.81,1233.34,1225.15,1226.7,1226.7,2097.49
2005-10-10,6620.7,1195.9,1196.52,1186.12,1187.33,1187.33,2195.99
2005-10-17,6648.5,1186.57,1191.21,1184.48,1190.1,1190.1,2054.57
2005-10-24,6594.6,1179.59,1199.39,1179.59,1199.38,1199.38,2197.79
2005-10-31,6587.6,1198.41,1211.43,1198.41,1207.01,1207.01,2567.47
2005-11-07,6655.6,1220.14,1224.18,1217.29,1222.81,1222.81,1987.58
2005-11-14,6664.6,1234.72,1237.2,1231.78,1233.76,1233.76,1899.78
2005-11-21,6662.1,1248.27,1255.89,1246.9,1254.85,1254.85,2117.35
2005-11-28,6642.3,1268.25,1268.44,1257.17,1257.46,1257.46,2016.9
2005-12-05,6691.0,1265.08,1265.08,1258.12,1262.09,1262.09,2325.84
2005-12-12,6696.7,1259.37,1263.86,1255.52,1260.43,1260.43,1876.55
2005-12-19,6712.0,1267.32,1270.51,1259.28,1259.92,1259.92,2208.81
2005-12-26,6710.1,1268.66,1271.83,1256.54,1256.54,1256.54,1540.47
2006-01-02,6731.0,1248.29,1270.22,1245.74,1268.8,1268.8,2554.57
2006-01-09,6749.7,1285.45,1290.78,1284.82,1290.15,1290.15,2301.49
2006-01-16,6740.0,1287.61,1287.61,1278.61,1282.93,1282.93,2179.97
2006-01-23,6689.9,1261.49,1268.19,1261.49,1263.82,1263.82,2256.07
2006-01-30,6639.2,1283.72,1287.94,1283.51,1285.19,1285.19,2282.73
2006-02-06,6705.7,1264.03,1267.04,1261.62,1265.02,1265.02,2132.36
2006-02-13,6709.0,1266.99,1266.99,1258.34,1262.86,1262.86,1850.08
2006-02-20,6733.4,1287.24,1291.92,1281.33,1283.03,1283.03,2104.32
2006-02-27,6735.0,1289.43,1297.57,1289.43,1294.12,1294.12,1975.32
2006-03-06,6802.0,1287.23,1288.23,1275.67,1278.26,1278.26,2280.19
2006-03-13,6793.4,1281.58,1287.37,1281.58,1284.13,1284.13,2070.33
2006-03-20,6802.1,1307.25,1310.0,1303.59,1305.08,1305.08,1976.83
2006-03-27,6780.8,1302.95,1303.74,1299.09,1301.61,1301.61,2029.7
2006-04-03,6840.0,1302.88,1309.19,1296.65,1297.81,1297.81,2494.08
2006-04-10,6881.9,1295.51,1300.74,1293.17,1296.62,1296.62,1898.32
2006-04-17,6920.7,1289.12,1292.45,1280.74,1285.33,1285.33,1794.65
2006-04-24,6837.6,1311.28,1311.28,1303.79,1308.11,1308.11,2117.33
2006-05-01,6783.7,1310.61,1317.21,1303.46,1305.19,1305.19,2437.04
2006-05-08,6797.5,1325.76,1326.7,1322.87,1324.66,1324.66,2151.3
2006-05-15,6814.6,1291.19,1294.81,1284.51,1294.5,1294.5,2505.66
2006-05-22,6793.4,1267.03,1268.77,1252.98,1262.07,1262.07,2773.01
2006-05-29,6779.9,1280.04,1280.04,1259.87,1259.87,1259.87,2176.19
2006-06-05,6856.5,1288.16,1288.16,1264.66,1265.29,1265.29,2313.47
2006-06-12,6861.9,1252.27,1255.22,1236.43,1237.44,1237.44,2247.01
2006-06-19,6866.0,1251.54,1255.93,1237.17,1240.13,1240.13,2517.2
2006-06-26,6822.7,1244.5,1250.92,1243.68,1250.56,1250.56,1878.58
2006-07-03,6872.6,1270.06,1280.38,1270.06,1280.19,1280.19,1114.47
2006-07-10,6907.6,1265.46,1274.06,1264.46,1267.34,1267.34,1854.59
2006-07-17,6890.9,1236.2,1240.07,1231.49,1234.49,1234.49,2146.41
2006-07-24,6843.0,1240.25,1262.5,1240.25,1260.91,1260.91,2312.72
2006-07-31,6832.8,1278.53,1278.66,1274.31,1276.66,1276.66,2461.3
2006-08-07,6904.1,1279.31,1279.31,1273.0,1275.77,1275.77,2045.66
2006-08-14,6898.4,1266.67,1278.9,1266.67,1268.21,1268.21,2118.02
2006-08-21,6900.9,1302.3,1302.3,1295.51,1297.52,1297.52,1759.24
2006-08-28,6868.4,1295.09,1305.02,1293.97,1301.78,1301.78,1834.92
2006-09-04,6931.5,1310.94,1314.67,1308.82,1313.25,1313.25,2114.48
2006-09-11,6941.9,1298.86,1302.36,1290.93,1299.54,1299.54,2506.43
2006-09-18,6932.8,1319.85,1324.87,1318.16,1321.18,1321.18,2325.08
2006-09-25,6874.3,1314.78,1329.35,1311.58,1326.37,1326.37,2710.24
2006-10-02,6916.0,1335.82,1338.54,1330.28,1331.32,1331.32,2154.48
2006-10-09,6972.6,1349.58,1352.69,1346.55,1350.66,1350.66,1935.17
2006-10-16,6991.8,1365.61,1370.2,1364.48,1369.06,1369.06,2305.92
2006-10-23,6949.1,1368.58,1377.4,1363.94,1377.02,1377.02,2480.43
2006-10-30,6932.6,1377.3,1381.22,1373.46,1377.93,1377.93,2770.44
2006-11-06,7014.2,1364.27,1381.4,1364.27,1379.78,1379.78,2533.55
2006-11-13,7019.3,1380.58,1387.61,1378.8,1384.42,1384.42,2386.34
2006-11-20,7030.9,1401.17,1404.37,1397.85,1400.5,1400.5,2546.71
2006-11-27,7032.9,1400.95,1400.95,1381.44,1381.96,1381.96,2711.21
2006-12-04,7065.8,1396.67,1411.23,1396.67,1409.12,1409.12,2766.32
2006-12-11,7074.8,1409.81,1415.6,1408.56,1413.04,1413.04,2289.9
2006-12-18,7092.8,1427.08,1431.81,1420.65,1422.48,1422.48,2568.14
2006-12-25,7111.2,1410.75,1417.91,1410.45,1416.9,1416.9,1310.31
2007-01-01,7127.8,1418.03,1429.42,1407.86,1416.6,1416.6,3429.16
2007-01-08,7145.1,1409.26,1414.98,1403.97,1412.84,1412.84,2763.34
2007-01-15,7138.0,1430.73,1433.93,1428.62,1431.9,1431.9,2599.53
2007-01-22,7083.9,1430.47,1431.39,1420.4,1422.95,1422.95,2540.12
2007-01-29,7029.6,1422.03,1426.94,1418.46,1420.62,1420.62,2730.48
2007-02-05,7096.4,1448.33,1449.38,1443.85,1446.99,1446.99,2439.43
2007-02-12,7098.1,1438.0,1439.11,1431.44,1433.37,1433.37,2395.68
2007-02-19,7112.7,1455.53,1460.53,1449.2,1459.68,1459.68,2337.86
2007-02-26,7114.9,1451.04,1456.95,1445.48,1449.37,1449.37,2822.17
2007-03-05,7165.7,1387.11,1391.86,1373.97,1374.12,1374.12,3480.52
2007-03-12,7187.8,1402.8,1409.34,1398.4,1406.6,1406.6,2664.0
2007-03-19,7211.0,1386.95,1403.2,1386.95,1402.06,1402.06,2777.18
2007-03-26,7210.3,1436.11,1437.65,1423.28,1437.5,1437.5,2754.66
2007-04-02,7268.9,1420.83,1425.49,1416.37,1424.55,1424.55,2875.88
2007-04-09,7334.5,1443.77,1448.1,1443.28,1444.61,1444.61,2349.41
2007-04-16,7345.6,1452.84,1468.62,1452.84,1468.33,1468.33,2870.14
2007-04-23,7292.5,1484.33,1487.32,1480.19,1480.93,1480.93,2575.02
2007-04-30,7207.1,1494.07,1497.16,1482.29,1482.37,1482.37,3093.42
2007-05-07,7251.4,1505.57,1511.0,1505.54,1509.48,1509.48,2545.09
2007-05-14,7251.8,1505.76,1510.9,1498.34,1503.15,1503.15,2776.13
2007-05-21,7240.9,1522.75,1529.87,1522.71,1525.1,1525.1,3465.36
2007-05-28,7218.2,1515.55,1521.8,1512.02,1518.11,1518.11,2571.79
2007-06-04,7286.8,1536.28,1540.53,1532.31,1539.18,1539.18,2738.93
2007-06-11,7295.4,1507.64,1515.53,1503.35,1509.12,1509.12,2525.28
2007-06-18,7305.5,1532.9,1535.44,1529.31,1531.05,1531.05,2480.24
2007-06-25,7243.9,1502.56,1514.29,1492.68,1497.74,1497.74,3287.25
2007-07-02,7291.0,1504.66,1519.45,1504.66,1519.43,1519.43,2648.99
2007-07-09,7318.7,1530.43,1534.26,1527.45,1531.85,1531.85,2715.33
2007-07-16,7303.4,1552.5,1555.9,1546.69,1549.52,1549.52,2704.11
2007-07-23,7261.3,1534.06,1547.23,1534.06,1541.57,1541.57,3102.7
2007-07-30,7251.2,1458.93,1477.88,1454.32,1473.91,1473.91,4128.78
2007-08-06,7330.8,1433.04,1467.67,1427.39,1467.67,1467.67,5067.2
2007-08-13,7333.5,1453.42,1466.29,1451.54,1452.92,1452.92,3696.28
2007-08-20,7358.1,1445.94,1451.75,1430.54,1445.55,1445.55,3321.34
2007-08-27,7357.4,1479.36,1479.36,1465.98,1466.79,1466.79,2406.18
2007-09-03,7380.6,1473.96,1496.4,1472.15,1489.42,1489.42,2766.6
2007-09-10,7393.3,1453.5,1462.25,1439.29,1451.7,1451.7,2835.72
2007-09-17,7395.0,1484.24,1484.24,1471.82,1476.65,1476.65,2598.39
2007-09-24,7321.5,1525.75,1530.18,1516.15,1517.73,1517.73,3131.31
2007-10-01,7346.7,1527.29,1549.02,1527.25,1547.04,1547.04,3281.99
2007-10-08,7396.7,1556.51,1556.51,1549.0,1552.58,1552.58,2040.65
2007-10-15,7395.4,1562.25,1564.74,1540.81,1548.71,1548.71,3139.29
2007-10-22,7357.7,1497.79,1508.06,1490.4,1506.33,1506.33,3471.83
2007-10-29,7359.7,1536.92,1544.67,1536.43,1540.98,1540.98,3124.48
2007-11-05,7418.0,1505.61,1510.84,1489.95,1502.17,1502.17,3819.33
2007-11-12,7419.4,1453.66,1464.94,1438.53,1439.18,1439.18,4192.52
2007-11-19,7448.0,1456.7,1456.7,1430.42,1433.27,1433.27,4119.65
2007-11-26,7444.0,1440.74,1446.09,1406.1,1407.22,1407.22,3706.47
2007-12-03,7468.6,1479.63,1481.16,1470.08,1472.42,1472.42,3323.25
2007-12-10,7492.7,1505.11,1518.27,1504.96,1515.96,1515.96,2911.76
2007-12-17,7505.3,1465.05,1465.05,1445.43,1445.9,1445.9,3569.03
2007-12-24,7501.9,1484.55,1497.63,1484.55,1496.45,1496.45,1267.42
2007-12-31,7514.5,1475.25,1475.83,1465.13,1468.36,1468.36,2440.88
2008-01-07,7539.3,1414.07,1423.87,1403.45,1416.18,1416.18,4221.26
2008-01-14,7505.6,1402.91,1417.89,1402.91,1416.25,1416.25,3682.09
2008-01-21,7496.6,1312.94,1322.09,1274.29,1310.5,1310.5,6544.69
2008-01-28,7471.4,1330.7,1353.97,1322.26,1353.96,1353.96,4100.93
2008-02-04,7549.0,1395.38,1395.38,1379.69,1380.82,1380.82,3495.78
2008-02-11,7565.9,1331.92,1341.4,1320.32,1339.13,1339.13,3593.14
2008-02-18,7581.4,1355.86,1367.28,1345.05,1348.78,1348.78,3613.55
2008-02-25,7590.6,1352.75,1374.36,1346.03,1371.8,1371.8,3866.35
2008-03-03,7650.2,1330.45,1335.13,1320.04,1331.34,1331.34,4117.57
2008-03-10,7693.5,1293.16,1295.01,1272.66,1273.37,1273.37,4261.24
2008-03-17,7734.0,1283.21,1287.5,1256.98,1276.6,1276.6,5683.01
2008-03-24,7724.2,1330.29,1359.68,1330.29,1349.88,1349.88,4499.0
2008-03-31,7733.1,1315.92,1328.52,1312.81,1322.7,1322.7,4188.99
2008-04-07,7812.7,1373.69,1386.74,1369.02,1372.54,1372.54,3747.78
2008-04-14,7815.8,1332.2,1335.64,1326.16,1328.32,1328.32,3565.02
2008-04-21,7804.0,1387.72,1390.23,1379.25,1388.17,1388.17,3420.57
2008-04-28,7671.0,1397.96,1402.9,1394.4,1396.37,1396.37,3607.0
2008-05-05,7699.4,1415.34,1415.34,1404.37,1407.49,1407.49,3410.09
2008-05-12,7708.6,1389.4,1404.06,1386.2,1403.58,1403.58,3370.63
2008-05-19,7712.7,1425.28,1440.24,1421.63,1426.63,1426.63,3683.97
2008-05-26,7693.9,1375.97,1387.4,1373.07,1385.35,1385.35,3588.86
2008-06-02,7728.9,1399.62,1399.62,1377.79,1385.67,1385.67,3714.32
2008-06-09,7756.1,1360.83,1370.63,1350.62,1361.76,1361.76,4404.57
2008-06-16,7761.5,1358.85,1364.7,1352.07,1360.14,1360.14,3706.94
2008-06-23,7703.2,1319.77,1323.78,1315.31,1318.0,1318.0,4186.37
2008-06-30,7697.8,1278.06,1290.31,1274.86,1280.0,1280.0,5032.33
2008-07-07,7780.8,1262.9,1273.95,1240.68,1252.31,1252.31,5265.42
2008-07-14,7761.2,1241.61,1253.5,1225.01,1228.3,1228.3,5434.86
2008-07-21,7745.7,1261.82,1267.74,1255.7,1260.0,1260.0,4630.64
2008-07-28,7705.9,1257.76,1260.09,1234.37,1234.37,1234.37,4282.96
2008-08-04,7759.4,1253.27,1260.49,1247.45,1249.01,1249.01,4562.28
2008-08-11,7760.4,1294.42,1313.15,1291.41,1305.32,1305.32,5067.31
2008-08-18,7749.5,1298.14,1300.22,1274.51,1278.6,1278.6,3829.29
2008-08-25,7709.7,1290.47,1290.47,1264.87,1266.84,1266.84,3420.6
2008-09-01,7722.8,1287.83,1303.04,1272.2,1277.58,1277.58,4783.56
2008-09-08,7754.1,1249.5,1274.42,1247.12,1267.79,1267.79,7351.34
2008-09-15,7772.3,1250.92,1250.92,1192.7,1192.7,1192.7,8279.51
2008-09-22,7873.9,1255.37,1255.37,1205.61,1207.09,1207.09,5368.13
2008-09-29,7860.8,1209.07,1209.07,1106.42,1106.42,1106.42,7305.06
2008-10-06,7891.1,1097.56,1097.56,1007.97,1056.89,1056.89,7956.02
2008-10-13,7937.6,912.75,1006.93,912.75,1003.35,1003.35,7263.37
2008-10-20,7970.5,943.51,985.4,943.51,985.4,985.4,5175.64
2008-10-27,7892.9,874.28,893.78,846.75,848.92,848.92,5558.05
2008-11-03,7939.3,968.67,975.57,958.82,966.3,966.3,4492.28
2008-11-10,7976.4,936.75,951.95,907.47,919.21,919.21,4572.0
2008-11-17,8014.3,873.23,882.29,848.98,850.75,850.75,4927.49
2008-11-24,8003.8,801.2,865.6,801.2,851.81,851.81,7879.44
2008-12-01,8090.7,888.61,888.61,815.69,816.21,816.21,6052.01
2008-12-08,8175.5,882.71,918.57,882.71,909.7,909.7,6553.6
2008-12-15,8225.8,881.07,884.63,857.72,868.57,868.57,4982.39
2008-12-22,8248.6,887.2,887.37,857.09,871.63,871.63,4869.85
2008-12-29,8264.1,872.37,873.7,857.07,869.42,869.42,3323.43
2009-01-05,8332.0,929.17,936.63,919.53,927.45,927.45,5413.91
2009-01-12,8293.7,890.4,890.4,864.32,870.26,870.26,4725.05
2009-01-19,8281.7,849.64,849.64,804.47,805.22,805.22,6375.23
2009-01-26,8233.6,832.5,852.53,827.69,836.57,836.57,6039.94
2009-02-02,8251.9,823.09,830.78,812.87,825.44,825.44,5673.27
2009-02-09,8290.7,868.24,875.01,861.65,869.89,869.89,5574.37
2009-02-16,8312.5,818.61,818.61,789.17,789.17,789.17,5907.82
2009-02-23,8292.4,773.25,777.85,742.37,743.33,743.33,6509.3
2009-03-02,8357.4,729.57,729.57,699.7,700.82,700.82,7868.29
2009-03-09,8440.5,680.76,695.27,672.88,676.53,676.53,7277.32
2009-03-16,8489.9,758.84,774.53,753.37,753.89,753.89,7883.54
2009-03-23,8439.2,772.31,823.37,772.31,822.92,822.92,7715.77
2009-03-30,8409.5,809.07,809.07,779.81,787.53,787.53,5912.66
2009-04-06,8475.1,839.75,839.75,822.79,835.48,835.48,6210.0
2009-04-13,8495.7,855.33,864.31,845.35,858.73,858.73,6434.89
2009-04-20,8467.0,868.27,868.27,832.39,832.39,832.39,6973.96
2009-04-27,8361.1,862.82,868.83,854.65,857.51,857.51,5613.46
2009-05-04,8412.3,879.21,907.85,879.21,907.24,907.24,7038.84
2009-05-11,8431.3,922.99,922.99,908.68,909.24,909.24,6150.6
2009-05-18,8440.0,886.07,910.0,886.07,909.71,909.71,5702.15
2009-05-25,8405.6,887.0,911.76,881.46,910.33,910.33,5667.05
2009-06-01,8433.7,923.26,947.77,923.26,942.87,942.87,6370.44
2009-06-08,8492.3,938.12,946.33,926.44,939.14,939.14,4483.43
2009-06-15,8488.2,942.45,942.45,919.65,923.72,923.72,4697.88
2009-06-22,8416.6,918.13,918.13,893.04,893.04,893.04,4903.94
2009-06-29,8367.9,919.86,927.99,916.18,927.23,927.23,4211.76
2009-07-06,8454.7,894.27,898.72,886.36,898.72,898.72,4712.58
2009-07-13,8425.4,879.57,901.05,875.32,901.05,901.05,4499.44
2009-07-20,8399.8,942.07,951.62,940.99,951.13,951.13,4853.15
2009-07-27,8366.4,978.63,982.49,972.29,982.18,982.18,4631.29
2009-08-03,8397.8,990.22,1003.61,990.22,1002.63,1002.63,5603.44
2009-08-10,8417.2,1008.89,1010.12,1000.99,1007.1,1007.1,5406.08
2009-08-17,8419.4,998.18,998.18,978.51,979.73,979.73,4088.57
2009-08-24,8340.9,1026.59,1035.82,1022.48,1025.57,1025.57,6302.45
2009-08-31,8351.8,1025.21,1025.21,1014.62,1020.62,1020.62,5004.56
2009-09-07,8423.3,1018.67,1026.07,1018.67,1025.39,1025.39,5235.16
2009-09-14,8437.1,1040.15,1049.74,1035.0,1049.34,1049.34,4979.61
2009-09-21,8384.8,1067.14,1067.28,1057.46,1064.66,1064.66,4615.28
2009-09-28,8344.5,1045.38,1065.13,1045.38,1062.98,1062.98,3726.95
2009-10-05,8416.3,1026.87,1042.58,1025.92,1040.46,1040.46,4313.31
2009-10-12,8431.2,1071.63,1079.46,1071.63,1076.19,1076.19,3710.43
2009-10-19,8450.1,1088.22,1100.17,1086.48,1097.91,1097.91,4619.24
2009-10-26,8392.4,1080.36,1091.75,1065.23,1066.95,1066.95,6363.38
2009-11-02,8437.8,1036.18,1052.18,1029.38,1042.88,1042.88,6202.64
2009-11-09,8497.2,1072.31,1093.19,1072.31,1093.08,1093.08,4460.03
2009-11-16,8524.0,1094.13,1113.69,1094.13,1109.3,1109.3,4565.85
2009-11-23,8483.4,1094.86,1112.38,1094.86,1106.24,1106.24,3827.92
2009-11-30,8506.8,1091.07,1097.24,1086.25,1095.63,1095.63,3895.52
2009-12-07,8559.7,1105.52,1110.72,1100.83,1103.25,1103.25,4103.36
2009-12-14,8558.2,1107.84,1114.76,1107.84,1114.11,1114.11,4548.49
2009-12-21,8541.7,1105.31,1117.68,1105.31,1114.05,1114.05,3977.34
2009-12-28,8527.1,1127.53,1130.38,1123.51,1127.78,1127.78,2716.4
2010-01-04,8534.2,1116.56,1133.87,1116.56,1132.99,1132.99,3991.4
2010-01-11,8494.9,1145.96,1149.74,1142.02,1146.98,1146.98,4255.78
2010-01-18,8476.3,1136.03,1150.45,1135.77,1150.23,1150.23,4724.83
2010-01-25,8411.2,1092.4,1102.97,1092.4,1096.78,1096.78,4481.39
2010-02-01,8428.8,1073.89,1089.38,1073.89,1089.19,1089.19,4077.61
2010-02-08,8481.4,1065.51,1071.2,1056.51,1056.74,1056.74,4089.82
2010-02-15,8530.4,1079.13,1095.67,1079.13,1094.87,1094.87,4080.77
2010-02-22,8508.5,1110.0,1112.29,1105.38,1108.01,1108.01,3814.44
2010-03-01,8527.7,1105.36,1116.11,1105.36,1115.71,1115.71,3847.64
2010-03-08,8581.1,1138.4,1141.05,1136.77,1138.5,1138.5,3774.68
2010-03-15,8599.2,1148.53,1150.98,1141.45,1150.51,1150.51,4164.11
2010-03-22,8564.9,1157.25,1167.82,1152.88,1165.81,1165.81,4261.68
2010-03-29,8557.8,1167.71,1174.85,1167.71,1173.22,1173.22,4375.58
2010-04-05,8657.4,1178.71,1187.73,1178.71,1187.44,1187.44,3881.62
2010-04-12,8641.3,1194.94,1199.2,1194.71,1196.48,1196.48,4607.09
2010-04-19,8621.5,1192.06,1197.87,1183.68,1197.52,1197.52,6597.74
2010-04-26,8526.0,1217.07,1219.8,1211.07,1212.05,1212.05,5647.76
2010-05-03,8552.7,1188.58,1205.13,1188.58,1202.26,1202.26,4938.05
2010-05-10,8580.5,1122.27,1163.85,1122.27,1159.73,1159.73,6893.7
2010-05-17,8617.0,1136.52,1141.88,1114.96,1136.94,1136.94,5922.92
2010-05-24,8548.4,1084.78,1089.95,1072.7,1073.65,1073.65,5224.04
2010-05-31,8589.7,1087.3,1094.77,1069.89,1070.71,1070.71,5271.48
2010-06-07,8651.4,1065.84,1071.36,1049.86,1050.47,1050.47,5467.56
2010-06-14,8628.3,1095.0,1105.91,1089.03,1089.63,1089.63,4425.83
2010-06-21,8599.9,1122.79,1131.23,1108.24,1113.2,1113.2,4514.36
2010-06-28,8556.2,1077.5,1082.6,1071.45,1074.57,1074.57,3896.41
2010-07-05,8604.4,1028.09,1042.5,1018.35,1028.06,1028.06,4691.24
2010-07-12,8598.8,1077.23,1080.78,1070.45,1078.75,1078.75,3426.99
2010-07-19,8573.8,1066.85,1074.7,1061.11,1071.25,1071.25,4089.5
2010-07-26,8534.4,1102.89,1115.01,1101.3,1115.01,1115.01,4009.65
2010-08-02,8585.3,1107.53,1127.3,1107.53,1125.86,1125.86,4144.18
2010-08-09,8626.1,1122.8,1129.24,1120.91,1127.79,1127.79,3979.36
2010-08-16,8631.6,1077.49,1082.62,1069.49,1079.38,1079.38,3142.45
2010-08-23,8579.8,1073.36,1081.58,1067.08,1067.36,1067.36,3210.95
2010-08-30,8586.0,1062.9,1064.4,1048.79,1048.92,1048.92,2917.99
2010-09-06,8670.1,1102.6,1102.6,1091.15,1091.84,1091.84,3107.38
2010-09-13,8682.7,1113.38,1123.87,1113.38,1121.9,1121.9,4521.05
2010-09-20,8646.1,1126.57,1144.86,1126.57,1142.71,1142.71,3364.08
2010-09-27,8603.5,1148.64,1149.92,1142.0,1142.16,1142.16,3587.86
2010-10-04,8692.9,1144.96,1148.16,1131.87,1137.03,1137.03,3604.11
2010-10-11,8715.5,1165.32,1168.68,1162.02,1165.32,1165.32,2505.9
2010-10-18,8738.6,1176.83,1185.53,1174.55,1184.71,1184.71,4450.05
2010-10-25,8667.9,1184.74,1196.14,1184.74,1185.62,1185.62,4221.38
2010-11-01,8705.5,1185.71,1195.81,1177.65,1184.38,1184.38,4129.18
2010-11-08,8768.7,1223.24,1224.57,1217.55,1223.25,1223.25,3937.23
2010-11-15,8788.1,1200.44,1207.43,1197.15,1197.75,1197.75,3503.37
2010-11-22,8764.3,1198.07,1198.94,1184.58,1197.84,1197.84,3689.5
2010-11-29,8785.2,1189.08,1190.34,1173.64,1187.76,1187.76,3673.45
2010-12-06,8829.1,1223.87,1225.8,1220.67,1223.12,1223.12,3527.37
2010-12-13,8848.4,1242.52,1246.73,1240.34,1240.46,1240.46,4361.24
2010-12-20,8857.2,1245.76,1250.2,1241.51,1247.08,1247.08,3548.14
2010-12-27,8874.8,1254.66,1258.43,1251.48,1257.54,1257.54,1992.47
2011-01-03,8888.5,1257.62,1276.17,1257.62,1271.87,1271.87,4286.67
2011-01-10,8887.3,1270.84,1271.52,1262.18,1269.75,1269.75,4036.45
2011-01-17,8910.1,1293.22,1296.06,1290.16,1295.02,1295.02,5284.99
2011-01-24,8790.0,1283.29,1291.93,1282.47,1290.84,1290.84,3902.47
2011-01-31,8789.4,1276.5,1287.17,1276.5,1286.12,1286.12,4167.16
2011-02-07,8868.3,1311.85,1322.85,1311.85,1319.05,1319.05,3902.27
2011-02-14,8886.0,1328.73,1332.96,1326.9,1332.32,1332.32,3567.04
2011-02-21,8886.0,1338.91,1338.91,1312.33,1315.44,1315.44,1322.78
2011-02-28,8908.2,1321.61,1329.38,1320.55,1327.22,1327.22,1252.85
2011-03-07,8996.3,1322.72,1327.68,1303.99,1310.13,1310.13,3964.73
2011-03-14,9009.4,1301.19,1301.19,1286.37,1296.39,1296.39,4050.37
2011-03-21,9005.3,1281.65,1300.58,1281.65,1298.38,1298.38,4223.73
2011-03-28,8984.6,1315.45,1319.74,1310.19,1310.19,1310.19,3215.17
2011-04-04,9070.3,1333.56,1336.74,1329.1,1332.87,1332.87,4223.74
2011-04-11,9077.5,1329.01,1333.77,1321.06,1324.46,1324.46,3478.97
2011-04-18,9094.1,1313.35,1313.35,1294.7,1305.14,1305.14,4223.74
2011-04-25,9016.5,1337.14,1337.55,1331.47,1335.25,1335.25,2142.13
2011-05-02,8997.9,1365.21,1370.58,1358.59,1361.22,1361.22,3846.25
2011-05-09,9027.8,1340.2,1349.44,1338.64,1346.29,1346.29,4265.25
2011-05-16,9050.4,1334.77,1343.33,1327.32,1329.47,1329.47,3846.25
2011-05-23,8998.5,1333.07,1333.07,1312.88,1317.37,1317.37,3255.58
2011-05-30,9017.1,1331.1,1345.2,1331.1,1345.2,1345.2,4696.24
2011-06-06,9094.4,1300.26,1300.26,1284.72,1286.17,1286.17,3555.98
2011-06-13,9095.1,1271.31,1277.04,1265.64,1271.83,1271.83,4132.52
2011-06-20,9105.3,1271.5,1280.42,1267.56,1278.36,1278.36,3464.66
2011-06-27,9117.1,1268.44,1284.91,1267.53,1280.1,1280.1,3479.07
2011-07-04,9251.5,1339.59,1340.89,1334.3,1337.88,1337.88,3722.32
2011-07-11,9246.0,1343.31,1343.31,1316.42,1319.49,1319.49,3879.13
2011-07-18,9244.6,1315.94,1315.94,1295.92,1305.44,1305.44,4118.16
2011-07-25,9211.2,1344.32,1344.32,1331.09,1337.43,1337.43,3536.89
2011-08-01,9387.6,1292.59,1307.38,1274.73,1286.94,1286.94,4967.39
2011-08-08,9460.5,1198.48,1198.48,1119.28,1119.46,1119.46,2615.15
2011-08-15,9480.6,1178.86,1204.49,1178.86,1204.49,1204.49,4272.85
2011-08-22,9458.9,1123.55,1145.49,1121.09,1123.82,1123.82,5436.26
2011-08-29,9437.3,1177.91,1210.28,1177.91,1210.08,1210.08,4228.07
2011-09-05,9521.1,1173.97,1173.97,1140.13,1165.24,1165.24,5103.98
2011-09-12,9523.1,1153.5,1162.52,1136.07,1162.27,1162.27,5168.55
2011-09-19,9497.9,1214.99,1214.99,1188.36,1204.09,1204.09,4254.19
2011-09-26,9448.5,1136.91,1164.19,1131.07,1162.95,1162.95,4762.83
2011-10-03,9538.8,1131.21,1138.99,1098.92,1099.23,1099.23,5670.34
2011-10-10,9559.5,1158.15,1194.91,1158.15,1194.89,1194.89,4446.8
2011-10-17,9596.6,1224.47,1224.47,1198.55,1200.86,1200.86,4300.7
2011-10-24,9498.6,1238.72,1256.55,1238.72,1254.19,1254.19,4309.38
2011-10-31,9528.6,1284.96,1284.96,1253.16,1253.3,1253.3,4310.21
2011-11-07,9636.7,1253.21,1261.7,1240.75,1261.12,1261.12,3429.74
2011-11-14,9657.6,1263.85,1263.85,1246.68,1251.78,1251.78,3219.68
2011-11-21,9620.6,1215.62,1215.62,1183.16,1192.98,1192.98,4050.07
2011-11-28,9616.6,1158.67,1197.35,1158.67,1192.55,1192.55,3920.75
2011-12-05,9686.0,1244.33,1266.73,1244.33,1257.08,1257.08,4148.06
2011-12-12,9717.5,1255.05,1255.05,1227.25,1236.47,1236.47,3600.57
2011-12-19,9719.5,1219.74,1224.57,1202.37,1205.35,1205.35,3659.82
2011-12-26,9714.2,1265.02,1269.37,1262.3,1265.43,1265.43,2130.59
2012-01-02,9826.7,1258.86,1284.62,1258.86,1277.06,1277.06,3943.71
2012-01-09,9823.8,1277.83,1281.99,1274.55,1280.7,1280.7,3371.6
2012-01-16,9805.5,1290.22,1303.0,1290.22,1293.67,1293.67,4010.49
2012-01-23,9710.7,1315.29,1322.28,1309.89,1316.0,1316.0,3770.91
2012-01-30,9677.5,1316.16,1316.16,1300.49,1313.01,1313.01,3659.01
2012-02-06,9764.7,1344.32,1344.36,1337.52,1344.33,1344.33,3379.7
2012-02-13,9792.0,1343.06,1353.35,1343.06,1351.77,1351.77,3618.04
2012-02-20,9791.6,1361.22,1367.76,1358.11,1362.21,1362.21,3795.2
2012-02-27,9777.0,1365.2,1371.94,1354.92,1367.59,1367.59,3648.89
2012-03-05,9887.8,1369.59,1369.59,1359.13,1364.33,1364.33,3429.48
2012-03-12,9908.9,1370.78,1373.04,1366.69,1371.09,1371.09,3081.87
2012-03-19,9904.2,1404.17,1414.0,1402.43,1409.75,1409.75,3932.57
2012-03-26,9866.8,1397.11,1416.58,1397.11,1416.51,1416.51,3576.95
2012-04-02,9959.8,1408.47,1422.38,1404.46,1419.04,1419.04,3572.01
2012-04-09,10025.3,1397.45,1397.45,1378.24,1382.2,1382.2,3468.98
2012-04-16,10026.5,1370.27,1379.66,1365.38,1369.57,1369.57,3574.78
2012-04-23,9888.5,1378.53,1378.53,1358.79,1366.94,1366.94,3654.86
2012-04-30,9837.0,1403.26,1403.26,1394.0,1397.91,1397.91,3574.01
2012-05-07,9906.3,1368.79,1373.91,1363.94,1369.58,1369.58,3559.39
2012-05-14,9904.2,1351.93,1351.93,1336.61,1338.35,1338.35,3688.12
2012-05-21,9877.1,1295.73,1316.39,1295.73,1315.99,1315.99,3786.75
2012-05-28,9845.2,1318.9,1334.93,1318.9,1332.42,1332.42,3441.64
2012-06-04,9939.2,1278.29,1282.55,1266.74,1278.18,1278.18,4011.96
2012-06-11,9987.3,1325.72,1335.52,1307.73,1308.93,1308.93,3537.53
2012-06-18,9986.5,1342.42,1348.22,1334.46,1344.78,1344.78,3259.43
2012-06-25,9890.0,1334.9,1334.9,1309.27,1313.72,1313.72,3501.82
2012-07-02,9990.2,1362.33,1366.35,1355.7,1365.51,1365.51,3301.65
2012-07-09,10042.6,1354.66,1354.87,1346.65,1352.46,1352.46,2904.86
2012-07-16,10035.9,1356.5,1357.26,1348.51,1353.64,1353.64,2862.72
2012-07-23,9958.1,1362.34,1362.34,1337.56,1350.52,1350.52,3717.18
2012-07-30,9973.9,1385.94,1391.74,1381.37,1385.3,1385.3,3212.06
2012-08-06,10068.3,1391.04,1399.63,1391.04,1394.23,1394.23,3122.05
2012-08-13,10089.3,1405.87,1405.87,1397.32,1404.11,1404.11,2499.99
2012-08-20,10062.9,1417.85,1418.13,1412.12,1418.13,1418.13,2766.32
2012-08-27,10033.3,1411.13,1416.17,1409.11,1410.44,1410.44,2472.5
2012-09-03,10131.5,1406.54,1409.31,1396.56,1404.94,1404.94,3200.31
2012-09-10,10177.9,1437.92,1438.74,1428.98,1429.08,1429.08,3223.67
2012-09-17,10198.5,1465.42,1465.63,1457.55,1461.19,1461.19,3482.43
2012-09-24,10095.5,1459.76,1460.72,1452.06,1456.89,1456.89,3008.92
2012-10-01,10196.6,1440.9,1457.14,1440.9,1444.49,1444.49,3505.08
2012-10-08,10241.3,1460.93,1460.93,1453.1,1455.88,1455.88,2328.72
2012-10-15,10273.4,1428.75,1441.31,1427.24,1440.13,1440.13,3483.81
2012-10-22,10209.7,1433.21,1435.46,1422.06,1433.82,1433.82,3216.22
2012-10-29,10220.2,1410.99,1418.76,1405.95,1412.16,1412.16,3577.11
2012-11-05,10373.4,1414.02,1419.9,1408.13,1417.26,1417.26,2921.04
2012-11-12,10341.1,1379.86,1384.87,1377.19,1380.03,1380.03,2567.54
2012-11-19,10338.9,1359.88,1386.89,1359.88,1386.89,1386.89,3374.8
2012-11-26,10311.4,1409.15,1409.15,1397.68,1406.29,1406.29,2948.96
2012-12-03,10410.9,1416.34,1423.73,1408.46,1409.46,1409.46,3074.28
2012-12-10,10462.2,1418.07,1421.64,1415.64,1418.55,1418.55,2999.43
2012-12-17,10526.9,1413.54,1430.67,1413.54,1430.36,1430.36,3455.61
2012-12-24,10549.5,1430.15,1430.15,1424.66,1426.66,1426.66,1248.96
2012-12-31,10615.7,1402.43,1426.74,1398.11,1426.19,1426.19,3204.33
2013-01-07,10630.2,1466.47,1466.47,1456.62,1461.89,1461.89,3304.97
2013-01-14,10562.3,1472.05,1472.05,1465.69,1470.68,1470.68,3003.01
2013-01-21,10475.0,1485.98,1492.56,1481.16,1492.56,1492.56,3570.95
2013-01-28,10398.2,1502.96,1503.23,1496.33,1500.18,1500.18,3388.54
2013-02-04,10464.8,1513.17,1513.17,1495.02,1495.71,1495.71,3390.0
2013-02-11,10486.9,1517.93,1518.31,1513.61,1517.01,1517.01,2684.1
2013-02-18,10480.5,1519.79,1530.94,1519.79,1530.94,1530.94,3748.91
2013-02-25,10448.6,1515.6,1525.84,1487.85,1487.85,1487.85,4011.05
2013-03-04,10572.1,1518.2,1525.27,1512.29,1525.2,1525.2,3414.43
2013-03-11,10599.3,1551.15,1556.27,1547.36,1556.22,1556.22,3091.08
2013-03-18,10627.2,1560.7,1560.7,1545.13,1552.1,1552.1,3164.56
2013-03-25,10581.9,1556.89,1564.91,1546.22,1551.69,1551.69,3178.17
2013-04-01,10720.4,1569.18,1570.57,1558.47,1562.17,1562.17,2753.11
2013-04-08,10719.5,1553.26,1563.07,1548.63,1563.07,1563.07,2887.12
2013-04-15,10740.2,1588.84,1588.84,1552.28,1552.36,1552.36,4660.13
2013-04-22,10629.3,1555.25,1565.55,1548.19,1562.5,1562.5,2979.88
2013-04-29,10531.7,1582.34,1596.65,1582.34,1593.61,1593.61,2891.2
2013-05-06,10593.3,1614.4,1619.77,1614.21,1617.5,1617.5,3062.24
2013-05-13,10598.1,1632.1,1636.0,1626.74,1633.77,1633.77,2910.6
2013-05-20,10570.9,1665.71,1672.84,1663.52,1666.29,1666.29,3275.08
2013-05-27,10539.1,1652.63,1674.21,1652.63,1660.06,1660.06,3457.4
2013-06-03,10634.0,1631.71,1640.42,1622.72,1640.42,1640.42,3952.07
2013-06-10,10667.6,1644.67,1648.69,1639.26,1642.81,1642.81,2978.73
2013-06-17,10673.5,1630.64,1646.5,1630.34,1639.04,1639.04,3137.08
2013-06-24,10560.2,1588.77,1588.77,1560.33,1573.09,1573.09,4733.66
2013-07-01,10670.7,1609.78,1626.61,1609.78,1614.96,1614.96,3104.69
2013-07-08,10706.1,1634.2,1644.68,1634.2,1640.46,1640.46,3514.59
2013-07-15,10702.3,1679.59,1684.51,1677.89,1682.5,1682.5,2623.2
2013-07-22,10660.8,1694.41,1697.61,1690.67,1695.53,1695.53,2779.13
2013-07-29,10647.7,1690.32,1690.92,1681.86,1685.33,1685.33,2840.52
2013-08-05,10749.7,1708.01,1709.24,1703.55,1707.14,1707.14,2529.3
2013-08-12,10749.4,1688.37,1691.49,1683.35,1689.47,1689.47,2789.16
2013-08-19,10727.8,1655.25,1659.18,1645.84,1646.06,1646.06,2904.53
2013-08-26,10697.4,1664.29,1669.51,1656.02,1656.78,1656.78,2430.67
2013-09-02,10775.1,1635.95,1651.35,1633.41,1639.77,1639.77,3731.61
2013-09-09,10815.8,1656.85,1672.4,1656.85,1671.71,1671.71,3102.78
2013-09-16,10821.5,1691.7,1704.95,1691.7,1697.6,1697.6,3079.8
2013-09-23,10757.9,1711.44,1711.44,1697.1,1701.84,1701.84,3126.95
2013-09-30,10827.1,1687.26,1687.26,1674.99,1681.55,1681.55,3308.63
2013-10-07,10902.6,1687.15,1687.15,1674.7,1676.12,1676.12,2678.49
2013-10-14,10955.6,1699.86,1711.03,1692.13,1710.14,1710.14,2580.58
2013-10-21,10976.2,1745.2,1747.79,1740.67,1744.66,1744.66,3052.71
2013-10-28,10896.8,1759.42,1764.99,1757.67,1762.11,1762.11,3282.3
2013-11-04,10977.7,1763.4,1768.78,1761.56,1767.93,1767.93,3194.87
2013-11-11,10960.9,1769.96,1773.44,1767.85,1771.89,1771.89,2534.06
2013-11-18,10983.0,1798.82,1802.33,1788.0,1791.53,1791.53,3168.52
2013-11-25,10941.3,1806.33,1808.1,1800.58,1802.48,1802.48,2998.54
2013-12-02,11029.4,1806.55,1810.02,1798.6,1800.9,1800.9,3095.43
2013-12-09,11073.3,1806.21,1811.52,1806.21,1808.37,1808.37,3129.5
2013-12-16,11098.0,1777.48,1792.22,1777.48,1786.54,1786.54,3209.89
2013-12-23,11116.8,1822.92,1829.75,1822.92,1827.99,1827.99,2851.54
2013-12-30,11128.3,1841.47,1842.47,1838.77,1841.07,1841.07,2293.86
2014-01-06,11179.0,1832.31,1837.16,1823.73,1826.77,1826.77,3294.85
2014-01-13,11131.1,1841.26,1843.45,1815.52,1819.2,1819.2,3591.35
2014-01-20,11100.9,1841.05,1849.31,1832.38,1843.8,1843.8,3782.47
2014-01-27,11033.2,1791.03,1795.98,1772.88,1781.56,1781.56,4045.2
2014-02-03,11089.1,1782.68,1784.83,1739.66,1741.89,1741.89,4726.04
2014-02-10,11138.3,1796.2,1799.94,1791.83,1799.84,1799.84,3312.16
2014-02-17,11187.0,1839.03,1842.87,1835.01,1840.76,1840.76,3421.11
2014-02-24,11135.6,1836.78,1858.71,1836.78,1847.61,1847.61,4014.53
2014-03-03,11207.4,1857.68,1857.68,1834.44,1845.73,1845.73,3428.22
2014-03-10,11261.1,1877.86,1877.87,1867.04,1877.17,1877.17,3021.35
2014-03-17,11299.7,1842.81,1862.3,1842.81,1858.83,1858.83,2860.49
2014-03-24,11257.6,1867.67,1873.34,1849.69,1857.44,1857.44,3409.0
2014-03-31,11304.2,1859.16,1875.18,1859.16,1872.34,1872.34,3274.3
2014-04-07,11381.4,1863.92,1864.04,1841.48,1845.04,1845.04,3801.54
2014-04-14,11405.1,1818.18,1834.19,1815.8,1830.61,1830.61,3111.54
2014-04-21,11344.5,1865.79,1871.89,1863.18,1871.89,1871.89,2642.5
2014-04-28,11220.6,1865.0,1877.01,1850.61,1869.43,1869.43,4034.68
2014-05-05,11274.3,1879.45,1885.51,1866.77,1884.66,1884.66,2733.73
2014-05-12,11275.3,1880.03,1897.13,1880.03,1896.65,1896.65,3005.74
2014-05-19,11268.0,1876.66,1886.0,1872.42,1885.08,1885.08,2664.25
2014-05-26,11240.7,1902.01,1912.28,1902.01,1911.91,1911.91,2911.02
2014-06-02,11335.3,1923.87,1925.88,1915.98,1924.97,1924.97,2509.02
2014-06-09,11353.6,1948.97,1955.55,1947.16,1951.27,1951.27,2812.18
2014-06-16,11370.0,1934.84,1941.15,1930.91,1937.78,1937.78,2926.13
2014-06-23,11279.8,1962.92,1963.74,1958.89,1962.61,1962.61,2717.63
2014-06-30,11332.9,1960.79,1964.24,1958.22,1960.23,1960.23,3037.35
2014-07-07,11415.5,1984.22,1984.22,1974.88,1977.65,1977.65,2681.26
2014-07-14,11412.4,1969.86,1979.85,1969.86,1977.1,1977.1,2744.92
2014-07-21,11382.9,1976.93,1976.93,1965.77,1973.63,1973.63,2611.16
2014-07-28,11353.4,1978.25,1981.52,1967.31,1978.91,1978.91,2803.32
2014-08-04,11450.8,1926.62,1942.92,1921.2,1938.99,1938.99,3072.92
2014-08-11,11420.8,1933.43,1944.9,1933.43,1936.92,1936.92,2784.89
2014-08-18,11431.7,1958.36,1971.99,1958.36,1971.74,1971.74,2638.16
2014-08-25,11373.5,1991.74,2001.95,1991.74,1997.92,1997.92,2233.88
2014-09-01,11432.4,2004.07,2006.12,1994.85,2002.28,2002.28,2819.98
2014-09-08,11485.7,2007.17,2007.17,1995.6,2001.54,2001.54,2789.09
2014-09-15,11506.0,1986.04,1987.18,1978.48,1984.13,1984.13,2776.53
2014-09-22,11427.3,2009.08,2009.08,1991.01,1994.29,1994.29,3349.67
2014-09-29,11441.2,1978.96,1981.28,1964.04,1977.8,1977.8,3094.44
2014-10-06,11547.1,1970.01,1977.84,1958.43,1964.82,1964.82,3358.22
2014-10-13,11547.5,1905.65,1912.09,1874.14,1874.74,1874.74,4352.58
2014-10-20,11560.2,1885.62,1905.03,1882.3,1904.01,1904.01,3331.21
2014-10-27,11516.3,1962.97,1964.64,1951.37,1961.63,1961.63,3538.86
2014-11-03,11565.7,2018.21,2024.46,2013.68,2017.81,2017.81,3555.44
2014-11-10,11612.1,2032.01,2038.7,2030.17,2038.26,2038.26,3284.94
2014-11-17,11633.7,2038.29,2043.07,2034.46,2041.32,2041.32,3152.89
2014-11-24,11571.1,2065.07,2070.17,2065.07,2069.41,2069.41,3128.06
2014-12-01,11659.8,2065.78,2065.78,2049.57,2053.44,2053.44,4159.01
2014-12-08,11715.7,2074.84,2075.78,2054.27,2060.31,2060.31,3800.99
2014-12-15,11755.5,2005.03,2018.69,1982.26,1989.63,1989.63,4361.99
2014-12-22,11774.6,2069.28,2078.76,2069.28,2078.54,2078.54,3369.52
2014-12-29,11789.7,2087.63,2093.55,2085.75,2090.57,2090.57,2452.36
2015-01-05,11820.4,2054.44,2054.44,2017.34,2020.58,2020.58,3799.12
2015-01-12,11797.6,2046.13,2049.3,2022.58,2028.26,2028.26,3456.46
2015-01-19,11752.4,2020.76,2028.94,2004.49,2022.55,2022.55,3944.34
2015-01-26,11677.4,2050.42,2057.62,2040.97,2057.09,2057.09,3465.76
2015-02-02,11778.6,1996.67,2021.66,1980.9,2020.85,2020.85,4008.33
2015-02-09,11811.8,2053.47,2056.16,2041.88,2046.74,2046.74,3549.54
2015-02-16,11854.8,2096.47,2101.3,2089.8,2100.34,2100.34,3361.75
2015-02-23,11840.5,2109.83,2110.05,2103.0,2109.66,2109.66,3093.68
2015-03-02,11918.4,2105.23,2117.52,2104.5,2117.39,2117.39,3409.49
2015-03-09,11946.9,2072.25,2083.49,2072.21,2079.43,2079.43,3349.09
2015-03-16,11979.0,2055.35,2081.41,2055.35,2081.19,2081.19,3295.6
2015-03-23,11923.4,2107.99,2114.86,2104.42,2104.42,2104.42,3267.96
2015-03-30,11960.9,2064.11,2088.97,2064.11,2086.24,2086.24,2917.69
2015-04-06,12113.2,2064.87,2086.99,2056.52,2080.62,2080.62,3302.97
2015-04-13,12091.5,2102.03,2107.65,2092.33,2092.43,2092.43,2908.42
2015-04-20,12034.3,2084.11,2103.94,2084.11,2100.4,2100.4,3000.16
2015-04-27,11852.8,2119.29,2125.92,2107.04,2108.92,2108.92,3438.75
2015-05-04,11898.0,2110.23,2120.95,2110.23,2114.49,2114.49,3091.58
2015-05-11,11904.9,2115.56,2117.69,2104.58,2105.33,2105.33,2992.67
2015-05-18,11919.2,2121.3,2131.78,2120.01,2129.2,2129.2,2888.19
2015-05-25,11873.4,2125.34,2125.34,2099.18,2104.2,2104.2,3342.13
2015-06-01,11932.7,2108.64,2119.15,2102.54,2111.73,2111.73,3011.71
2015-06-08,11969.8,2092.34,2093.01,2079.11,2079.28,2079.28,2917.15
2015-06-15,11985.5,2091.34,2091.34,2072.49,2084.43,2084.43,3061.57
2015-06-22,11930.0,2112.5,2129.87,2112.5,2122.85,2122.85,3030.02
2015-06-29,11947.4,2098.63,2098.63,2056.64,2057.64,2057.64,3678.96
2015-07-06,12080.6,2073.95,2078.61,2058.4,2068.76,2068.76,3486.36
2015-07-13,12035.2,2080.03,2100.67,2080.03,2099.6,2099.6,3096.73
2015-07-20,11998.6,2126.85,2132.82,2123.66,2128.28,2128.28,3245.87
2015-07-27,11949.6,2078.19,2078.19,2063.52,2067.64,2067.64,3836.75
2015-08-03,12034.7,2104.49,2105.7,2087.31,2098.04,2098.04,3476.77
2015-08-10,12063.6,2080.98,2105.35,2080.98,2104.18,2104.18,3514.46
2015-08-17,12096.8,2089.7,2102.87,2079.3,2102.44,2102.44,2867.69
2015-08-24,12041.3,1965.15,1965.15,1867.01,1893.21,1893.21,6612.69
2015-08-31,12076.4,1986.73,1986.73,1965.98,1972.18,1972.18,3915.1
2015-09-07,12161.1,1927.3,1970.42,1927.3,1969.41,1969.41,3548.65
2015-09-14,12187.3,1963.06,1963.06,1948.27,1953.03,1953.03,3000.2
2015-09-21,12133.7,1960.84,1979.64,1955.8,1966.97,1966.97,3269.35
2015-09-28,12074.0,1929.18,1929.18,1879.21,1881.77,1881.77,4326.66
2015-10-05,12171.1,1954.33,1989.17,1954.33,1987.05,1987.05,4334.49
2015-10-12,12160.6,2015.65,2018.66,2010.55,2017.46,2017.46,2893.25
2015-10-19,12167.4,2031.73,2034.45,2022.31,2033.66,2033.66,3287.32
2015-10-26,12132.9,2075.08,2075.14,2066.53,2071.18,2071.18,3385.8
2015-11-02,12249.4,2080.76,2106.2,2080.76,2104.05,2104.05,3760.02
2015-11-09,12291.9,2096.56,2096.56,2068.24,2078.58,2078.58,3882.35
2015-11-16,12323.5,2022.08,2053.22,2019.39,2053.19,2053.19,3741.24
2015-11-23,12270.8,2089.41,2095.61,2081.39,2086.59,2086.59,3587.98
2015-11-30,12304.6,2090.95,2093.81,2080.41,2080.41,2080.41,4275.03
2015-12-07,12369.4,2090.42,2090.42,2066.78,2077.07,2077.07,4043.82
2015-12-14,12406.6,2013.37,2022.92,1993.26,2021.94,2021.94,4612.44
2015-12-21,12461.7,2010.27,2022.9,2005.93,2021.15,2021.15,3760.28
2015-12-28,12453.0,2057.77,2057.77,2044.2,2056.5,2056.5,2492.51
2016-01-04,12486.2,2038.2,2038.2,1989.68,2012.66,2012.66,4304.88
2016-01-11,12541.3,1926.12,1935.65,1901.1,1923.67,1923.67,4607.29
2016-01-18,12497.2,1888.66,1901.44,1864.6,1881.33,1881.33,4928.35
2016-01-25,12412.0,1906.28,1906.28,1875.97,1877.08,1877.08,4401.38
2016-02-01,12454.7,1936.94,1947.2,1920.3,1939.38,1939.38,4322.53
2016-02-08,12467.4,1873.25,1873.25,1828.46,1853.44,1853.44,5636.46
2016-02-15,12533.9,1871.44,1895.77,1871.44,1895.58,1895.58,4570.67
2016-02-22,12520.9,1924.44,1946.7,1924.44,1945.5,1945.5,4054.71
2016-02-29,12549.1,1947.13,1958.27,1931.81,1932.23,1932.23,4588.18
2016-03-07,12647.2,1996.11,2006.12,1989.38,2001.76,2001.76,4968.18
2016-03-14,12671.0,2019.27,2024.57,2012.05,2019.64,2019.64,3487.85
2016-03-21,12673.3,2047.88,2053.91,2043.14,2051.6,2051.6,3376.6
2016-03-28,12723.6,2037.89,2042.67,2031.96,2037.05,2037.05,2809.09
2016-04-04,12814.2,2073.19,2074.02,2062.57,2066.13,2066.13,3485.71
2016-04-11,12828.9,2050.23,2062.93,2041.88,2041.99,2041.99,3567.84
2016-04-18,12839.9,2078.83,2094.66,2073.65,2094.34,2094.34,3316.88
2016-04-25,12683.1,2089.37,2089.37,2077.52,2087.79,2087.79,3319.74
2016-05-02,12699.2,2067.17,2083.42,2066.11,2081.43,2081.43,3841.11
2016-05-09,12719.6,2057.55,2064.15,2054.31,2058.69,2058.69,3788.62
2016-05-16,12735.6,2046.53,2071.88,2046.53,2066.66,2066.66,3501.36
2016-05-23,12689.0,2052.23,2055.58,2047.26,2048.04,2048.04,3055.48
2016-05-30,12676.4,2100.13,2103.48,2088.66,2096.95,2096.95,4514.41
2016-06-06,12789.9,2100.83,2113.36,2100.83,2109.41,2109.41,3442.02
2016-06-13,12829.4,2091.75,2098.12,2078.46,2079.06,2079.06,3392.03
2016-06-20,12797.6,2075.58,2100.66,2075.58,2083.25,2083.25,3467.44
2016-06-27,12727.5,2031.45,2031.45,1991.68,2000.54,2000.54,5431.22
2016-07-04,12857.6,2095.05,2095.05,2080.86,2088.55,2088.55,3658.38
2016-07-11,12856.3,2131.72,2143.16,2131.72,2137.16,2137.16,3253.34
2016-07-18,12858.5,2162.04,2168.35,2159.63,2166.89,2166.89,3009.31
2016-07-25,12793.1,2173.71,2173.71,2161.95,2168.48,2168.48,3057.24
2016-08-01,12885.4,2173.15,2178.29,2166.21,2170.84,2170.84,3505.99
2016-08-08,12959.0,2183.76,2185.44,2177.85,2180.89,2180.89,3327.55
2016-08-15,12963.8,2186.08,2193.81,2186.08,2190.15,2190.15,3078.53
2016-08-22,12935.0,2181.58,2185.15,2175.96,2182.64,2182.64,2777.55
2016-08-29,12916.5,2170.19,2183.48,2170.19,2180.38,2180.38,2654.78
2016-09-05,13026.3,2181.61,2186.57,2175.1,2186.48,2186.48,3447.65
2016-09-12,13068.9,2120.86,2163.3,2119.12,2159.04,2159.04,4010.48
2016-09-19,13025.9,2143.99,2153.61,2135.91,2139.12,2139.12,3141.82
2016-09-26,12932.8,2158.54,2158.54,2145.04,2146.1,2146.1,3199.91
2016-10-03,13043.9,2164.33,2164.41,2154.77,2161.2,2161.2,3113.85
2016-10-10,13095.5,2160.39,2169.6,2160.39,2163.66,2163.66,2881.97
2016-10-17,13115.3,2132.95,2135.61,2124.43,2126.5,2126.5,2832.44
2016-10-24,13025.1,2148.5,2154.79,2146.91,2151.33,2151.33,3359.95
2016-10-31,13076.0,2129.78,2133.25,2125.53,2126.15,2126.15,3926.56
2016-11-07,13158.6,2100.59,2132.0,2100.59,2131.52,2131.52,3739.72
2016-11-14,13204.1,2165.64,2171.36,2156.08,2164.2,2164.2,5373.67
2016-11-21,13215.4,2186.43,2198.7,2186.43,2198.18,2198.18,3611.5
2016-11-28,13184.9,2210.21,2211.14,2200.36,2201.72,2201.72,3515.1
2016-12-05,13259.5,2200.65,2209.42,2199.97,2204.71,2204.71,3898.53
2016-12-12,13281.1,2258.83,2264.03,2252.37,2256.96,2256.96,4038.85
2016-12-19,13301.8,2259.24,2267.47,2258.21,2262.53,2262.53,3252.84
2016-12-26,13296.0,2266.23,2273.82,2266.15,2268.88,2268.88,1989.73
2017-01-02,13346.1,2251.57,2263.88,2245.13,2257.83,2257.83,3773.01
2017-01-09,13369.2,2273.59,2275.49,2268.9,2268.9,2268.9,3219.73
2017-01-16,13333.9,2269.14,2272.08,2262.81,2267.89,2267.89,3586.95
2017-01-23,13234.4,2267.78,2271.78,2257.02,2265.2,2265.2,3155.24
2017-01-30,13180.5,2286.01,2286.01,2268.04,2280.9,2280.9,3595.04
2017-02-06,13277.6,2294.28,2296.18,2288.57,2292.56,2292.56,3112.39
2017-02-13,13297.7,2321.72,2331.58,2321.42,2328.25,2328.25,3352.37
2017-02-20,13300.5,2354.91,2366.71,2354.91,2365.38,2365.38,3587.52
2017-02-27,13322.6,2365.23,2371.54,2361.87,2369.75,2369.75,3584.68
2017-03-06,13448.1,2375.23,2378.8,2367.98,2375.31,2375.31,3251.8
2017-03-13,13502.1,2371.56,2374.42,2368.52,2373.47,2373.47,3166.65
2017-03-20,13501.3,2378.24,2379.55,2369.66,2373.47,2373.47,3061.56
2017-03-27,13470.1,2329.11,2344.9,2322.25,2341.59,2341.59,3242.3
2017-04-03,13581.8,2362.34,2365.87,2344.73,2358.84,2358.84,3418.73
2017-04-10,13632.5,2357.16,2366.37,2351.5,2357.16,2357.16,2792.57
2017-04-17,13673.2,2332.62,2349.14,2332.51,2349.01,2349.01,2826.89
2017-04-24,13468.6,2370.33,2376.98,2369.19,2374.15,2374.15,3711.17
2017-05-01,13449.4,2388.5,2394.49,2384.83,2388.33,2388.33,3201.5
2017-05-08,13472.0,2399.94,2401.36,2393.92,2399.38,2399.38,3429.99
2017-05-15,13490.5,2393.98,2404.05,2393.94,2402.32,2402.32,3490.08
2017-05-22,13467.2,2387.21,2395.46,2386.92,2394.02,2394.02,3176.58
2017-05-29,13453.2,2411.67,2415.26,2409.43,2412.91,2412.91,3205.86
2017-06-05,13554.8,2437.83,2439.55,2434.32,2436.1,2436.1,2916.72
2017-06-12,13548.3,2425.88,2430.38,2419.97,2429.39,2429.39,4031.84
2017-06-19,13527.9,2442.55,2453.82,2441.79,2453.46,2453.46,3271.48
2017-06-26,13449.4,2443.32,2450.42,2437.03,2439.07,2439.07,3243.66
2017-07-03,13562.0,2431.39,2439.17,2428.69,2429.01,2429.01,1901.48
2017-07-10,13617.5,2424.51,2432.0,2422.27,2427.43,2427.43,3009.88
2017-07-17,13607.2,2459.5,2462.82,2457.16,2459.14,2459.14,2800.58
2017-07-24,13522.7,2472.04,2473.1,2466.32,2469.91,2469.91,3019.92
2017-07-31,13580.1,2475.94,2477.96,2468.53,2470.3,2470.3,3475.93
2017-08-07,13669.8,2477.14,2480.95,2475.88,2480.91,2480.91,2935.13
2017-08-14,13661.0,2454.96,2468.22,2454.96,2465.84,2465.84,2824.32
2017-08-21,13656.5,2425.5,2430.58,2417.35,2428.37,2428.37,2803.65
2017-08-28,13625.6,2447.35,2449.12,2439.03,2444.24,2444.24,2682.92
2017-09-04,13716.4,2470.35,2471.97,2446.55,2457.85,2457.85,3502.19
2017-09-11,13745.0,2474.52,2488.95,2474.52,2488.11,2488.11,3293.46
2017-09-18,13721.4,2502.51,2508.32,2499.92,2503.87,2503.87,3204.7
2017-09-25,13613.7,2499.39,2502.54,2488.03,2496.66,2496.66,3314.53
2017-10-02,13738.2,2521.2,2529.23,2520.4,2529.12,2529.12,3226.37
2017-10-09,13778.1,2551.39,2551.82,2541.6,2544.73,2544.73,2486.94
2017-10-16,13789.0,2555.57,2559.47,2552.64,2557.64,2557.64,2918.03
2017-10-23,13704.6,2578.08,2578.29,2564.33,2564.98,2564.98,3214.47
2017-10-30,13711.2,2577.75,2580.03,2568.25,2572.83,2572.83,3660.23
2017-11-06,13822.2,2587.47,2593.38,2585.66,2591.13,2591.13,3541.97
2017-11-13,13825.5,2576.53,2587.66,2574.48,2584.84,2584.84,3405.2
2017-11-20,13821.2,2579.49,2584.64,2578.24,2582.14,2582.14,3023.94
2017-11-27,13803.6,2602.66,2606.41,2598.87,2601.42,2601.42,3017.72
2017-12-04,13878.3,2657.19,2665.19,2639.03,2639.44,2639.44,4025.84
2017-12-11,13935.0,2652.19,2660.33,2651.47,2659.99,2659.99,3141.48
2017-12-18,13965.8,2685.92,2694.97,2685.92,2690.16,2690.16,3727.77
2017-12-25,13934.4,2679.09,2682.74,2677.96,2680.5,2680.5,1970.66
2018-01-01,13962.7,2683.73,2695.89,2682.36,2695.81,2695.81,3397.43
2018-01-08,13969.3,2742.67,2748.51,2737.6,2747.71,2747.71,3246.16
2018-01-15,13920.3,2798.96,2807.54,2768.64,2776.42,2776.42,4362.88
2018-01-22,13823.5,2809.16,2833.03,2808.12,2832.97,2832.97,3489.48
2018-01-29,13745.1,2867.23,2870.62,2851.48,2853.53,2853.53,3587.42
2018-02-05,13839.2,2741.06,2763.39,2638.17,2648.94,2648.94,5310.84
2018-02-12,13835.0,2636.75,2672.61,2622.45,2656.0,2656.0,4069.22
2018-02-19,13841.9,2722.99,2737.6,2706.76,2716.26,2716.26,3646.92
2018-02-26,13841.0,2757.37,2780.64,2753.78,2779.6,2779.6,3436.59
2018-03-05,13993.0,2681.06,2728.09,2675.75,2720.94,2720.94,3733.64
2018-03-12,14015.2,2790.54,2796.98,2779.26,2783.02,2783.02,3216.96
2018-03-19,14018.9,2741.38,2741.38,2694.59,2712.92,2712.92,3327.46
2018-03-26,13994.3,2619.35,2661.36,2601.81,2658.55,2658.55,3538.08
2018-04-02,14151.3,2633.45,2638.3,2553.8,2581.88,2581.88,3635.78
2018-04-09,14148.5,2617.18,2653.55,2610.79,2613.16,2613.16,3076.14
2018-04-16,14169.7,2670.1,2686.49,2665.16,2677.84,2677.84,3020.74
2018-04-23,14008.6,2675.4,2682.86,2657.99,2670.29,2670.29,3030.39
2018-04-30,13915.7,2682.51,2682.87,2648.04,2648.05,2648.05,3749.51
2018-05-07,13975.4,2680.34,2683.35,2664.7,2672.63,2672.63,3266.81
2018-05-14,13991.8,2738.47,2742.1,2725.47,2730.13,2730.13,2994.36
2018-05-21,13976.1,2735.39,2739.19,2725.7,2733.01,2733.01,3053.48
2018-05-28,13958.9,2705.11,2710.67,2676.81,2689.86,2689.86,3743.31
2018-06-04,14080.9,2741.67,2749.16,2740.54,2746.87,2746.87,3410.09
2018-06-11,14091.2,2780.18,2790.21,2780.17,2782.0,2782.0,3262.13
2018-06-18,14108.4,2765.79,2774.99,2757.12,2773.75,2773.75,3316.12
2018-06-25,13987.3,2742.94,2742.94,2698.67,2717.07,2717.07,3663.28
2018-07-02,14112.3,2704.95,2727.26,2698.95,2726.71,2726.71,3095.04
2018-07-09,14149.7,2775.62,2784.65,2770.73,2784.17,2784.17,3070.06
2018-07-16,14140.3,2797.36,2801.19,2793.39,2798.43,2798.43,2819.86
2018-07-23,14058.1,2799.17,2808.61,2795.14,2806.98,2806.98,2928.49
2018-07-30,14069.7,2819.0,2821.74,2798.11,2802.6,2802.6,3261.19
2018-08-06,14169.2,2840.29,2853.29,2835.98,2850.4,2850.4,2879.02
2018-08-13,14177.5,2835.46,2843.4,2819.88,2821.93,2821.93,3173.63
2018-08-20,14166.7,2853.93,2859.76,2850.62,2857.05,2857.05,2757.15
2018-08-27,14130.4,2884.69,2898.25,2884.69,2896.74,2896.74,2865.07
2018-09-03,14222.0,2896.96,2900.18,2885.13,2896.72,2896.72,3087.42
2018-09-10,14227.0,2881.39,2886.93,2875.94,2877.13,2877.13,2751.1
2018-09-17,14233.1,2903.83,2904.65,2886.16,2888.8,2888.8,2967.98
2018-09-24,14113.1,2921.83,2923.79,2912.63,2919.37,2919.37,3392.03
2018-10-01,14202.0,2926.29,2937.06,2917.91,2924.59,2924.59,3375.89
2018-10-08,14213.3,2877.53,2889.45,2862.08,2884.43,2884.43,3381.82
2018-10-15,14243.1,2763.83,2775.99,2749.03,2750.79,2750.79,3327.16
2018-10-22,14189.0,2773.94,2778.94,2749.22,2755.88,2755.88,3331.27
2018-10-29,14152.2,2682.65,2706.85,2603.54,2641.25,2641.25,4701.26
2018-11-05,14243.1,2726.37,2744.27,2717.94,2738.31,2738.31,3650.91
2018-11-12,14232.9,2773.93,2775.99,2722.0,2726.22,2726.22,3701.57
2018-11-19,14271.1,2730.74,2733.16,2681.09,2690.73,2690.73,3806.94
2018-11-26,14221.3,2649.97,2674.35,2649.97,2673.45,2673.45,3523.52
2018-12-03,14349.5,2790.5,2800.18,2773.38,2790.37,2790.37,4221.58
2018-12-10,14393.2,2630.86,2647.51,2583.23,2637.72,2637.72,4162.88
2018-12-17,14414.7,2590.75,2601.13,2530.54,2545.94,2545.94,4661.42
2018-12-24,14482.4,2400.56,2410.34,2351.1,2351.1,2351.1,2613.67
2018-12-31,14529.5,2498.94,2509.24,2482.82,2506.85,2506.85,3461.92
2019-01-07,14533.9,2535.61,2566.16,2524.56,2549.69,2549.69,4133.12
2019-01-14,14485.4,2580.31,2589.32,2570.41,2582.61,2582.61,3689.37
2019-01-21,14393.7,2657.88,2657.88,2617.27,2632.9,2632.9,3923.95
2019-01-28,14324.5,2644.97,2644.97,2624.06,2643.85,2643.85,3630.82
2019-02-04,14389.3,2706.49,2724.99,2698.75,2724.87,2724.87,3369.45
2019-02-11,14393.8,2712.4,2718.05,2703.79,2709.8,2709.8,3395.33
2019-02-18,14393.7,2769.28,2787.33,2767.29,2779.76,2779.76,3535.27
2019-02-25,14373.7,2804.35,2813.49,2794.99,2796.11,2796.11,3860.26
2019-03-04,14519.1,2814.37,2816.88,2767.66,2792.81,2792.81,3949.73
2019-03-11,14561.9,2747.61,2784.0,2747.61,2783.3,2783.3,3764.85
2019-03-18,14571.7,2822.61,2835.41,2821.99,2832.94,2832.94,3620.77
2019-03-25,14532.7,2796.01,2809.79,2785.02,2798.36,2798.36,3406.11
2019-04-01,14652.3,2848.63,2869.4,2848.63,2867.19,2867.19,3560.09
2019-04-08,14700.3,2888.46,2895.95,2880.78,2895.77,2895.77,3056.46
2019-04-15,14722.7,2908.32,2909.6,2896.48,2905.58,2905.58,3114.53
2019-04-22,14590.0,2898.78,2909.51,2896.35,2907.97,2907.97,3010.13
2019-04-29,14475.5,2940.58,2949.52,2939.35,2943.03,2943.03,3150.39
2019-05-06,14553.0,2908.89,2937.32,2898.21,2932.47,2932.47,3203.26
2019-05-13,14551.0,2840.19,2840.19,2801.43,2811.87,2811.87,3900.27
2019-05-20,14575.9,2841.94,2853.86,2831.29,2840.23,2840.23,3293.75
2019-05-27,14565.3,2830.03,2840.51,2801.58,2802.39,2802.39,4146.98
2019-06-03,14697.1,2751.53,2763.07,2728.81,2744.45,2744.45,3952.36
2019-06-10,14738.6,2885.83,2904.77,2885.51,2886.73,2886.73,3209.89
2019-06-17,14779.2,2889.75,2897.27,2887.3,2889.67,2889.67,2828.4
2019-06-24,14659.0,2951.42,2954.92,2944.05,2945.35,2945.35,3136.96
2019-07-01,14778.0,2971.41,2977.93,2952.22,2964.33,2964.33,3524.86
2019-07-08,14854.4,2979.77,2980.76,2970.09,2975.95,2975.95,2922.36
2019-07-15,14810.0,3017.8,3017.8,3008.77,3014.3,3014.3,2876.1
2019-07-22,14777.7,2981.93,2990.71,2976.65,2985.03,2985.03,3016.2
2019-07-29,14789.1,3024.47,3025.61,3014.3,3020.97,3020.97,3224.49
2019-08-05,14923.6,2898.07,2898.07,2822.12,2844.74,2844.74,4542.85
2019-08-12,14906.6,2907.07,2907.58,2873.14,2882.7,2882.7,3328.57
2019-08-19,14893.2,2913.48,2931.0,2913.48,2923.65,2923.65,3221.05
2019-08-26,14831.4,2866.7,2879.27,2856.0,2878.38,2878.38,2859.79
2019-09-02,14946.3,2909.01,2914.39,2891.85,2906.27,2906.27,3427.83
2019-09-09,14997.4,2988.43,2989.43,2969.39,2978.43,2978.43,4031.12
2019-09-16,15002.7,2996.41,3002.19,2990.67,2997.96,2997.96,4285.86
2019-09-23,14933.2,2983.5,2999.15,2982.23,2991.78,2991.78,3187.25
2019-09-30,15012.9,2967.07,2983.85,2967.07,2976.74,2976.74,3249.13
2019-10-07,15113.9,2944.23,2959.75,2935.68,2938.79,2938.79,2959.05
2019-10-14,15125.5,2965.81,2972.84,2962.94,2966.15,2966.15,2559.27
2019-10-21,15116.7,2996.48,3007.33,2995.35,3006.72,3006.72,3271.96
2019-10-28,15077.4,3032.12,3044.08,3032.12,3039.42,3039.42,3524.97
2019-11-04,15219.6,3078.96,3085.2,3074.87,3078.27,3078.27,4178.04
2019-11-11,15222.3,3080.33,3088.33,3075.82,3087.01,3087.01,3041.12
2019-11-18,15281.7,3117.91,3124.17,3112.06,3122.03,3122.03,3440.14
2019-11-25,15231.3,3117.44,3133.83,3117.44,3133.64,3133.64,3514.31
2019-12-02,15326.6,3143.85,3144.31,3110.78,3113.87,3113.87,3285.75
2019-12-09,15336.8,3141.86,3148.87,3135.46,3135.96,3135.96,3400.47
2019-12-16,15427.8,3183.63,3197.71,3183.63,3191.45,3191.45,4070.2
2019-12-23,15440.9,3226.05,3227.78,3222.3,3224.01,3224.01,3064.53
2019-12-30,15452.4,3240.09,3240.92,3216.57,3221.29,3221.29,3021.72
2020-01-06,15484.9,3217.55,3246.84,3214.64,3246.28,3246.28,3702.46
2020-01-13,15452.8,3271.13,3288.13,3268.43,3288.13,3288.13,3459.39
2020-01-20,15406.7,3321.03,3329.79,3316.61,3320.79,3320.79,4104.84
2020-01-27,15294.0,3247.16,3258.85,3234.5,3243.63,3243.63,3831.05
2020-02-03,15358.3,3235.66,3268.44,3235.66,3248.92,3248.92,3760.46
2020-02-10,15361.7,3318.28,3352.26,3317.77,3352.09,3352.09,3462.73
2020-02-17,15392.9,3369.04,3375.01,3355.61,3370.29,3370.29,3750.4
2020-02-24,15328.1,3257.61,3259.81,3214.65,3225.89,3225.89,4851.16
2020-03-02,15488.6,2974.28,3090.96,2945.19,3090.23,3090.23,6381.33
2020-03-09,15624.4,2863.89,2863.89,2734.43,2746.56,2746.56,8441.29
2020-03-16,15818.1,2508.59,2562.98,2380.94,2386.13,2386.13,7805.45
2020-03-23,16193.0,2290.71,2300.73,2191.86,2237.4,2237.4,7411.38
2020-03-30,16614.3,2558.98,2631.8,2545.28,2626.65,2626.65,5751.12
2020-04-06,16773.1,2578.28,2676.85,2574.57,2663.68,2663.68,6403.84
2020-04-13,16919.6,2782.46,2782.46,2721.17,2761.63,2761.63,5319.53
2020-04-20,17180.3,2845.62,2868.98,2820.43,2823.16,2823.16,5228.63
2020-04-27,17318.7,2854.65,2887.72,2852.89,2878.48,2878.48,5203.93
2020-05-04,17536.3,2815.01,2844.24,2797.85,2842.74,2842.74,4735.93
2020-05-11,17673.8,2915.46,2944.25,2903.44,2930.19,2930.19,4819.73
2020-05-18,17805.4,2913.86,2968.09,2913.86,2953.91,2953.91,6373.67
2020-05-25,17780.1,3004.08,3021.72,2988.17,2991.77,2991.77,5848.5
2020-06-01,17910.9,3038.78,3062.18,3031.54,3055.73,3055.73,4684.17
2020-06-08,18022.7,3199.92,3233.13,3196.0,3232.39,3232.39,8498.3
2020-06-15,18110.7,2993.76,3079.76,2965.66,3066.59,3066.59,5757.48
2020-06-22,18101.2,3094.42,3120.92,3079.39,3117.86,3117.86,4686.69
2020-06-29,18155.5,3018.59,3053.89,2999.74,3053.24,3053.24,4473.97
2020-07-06,18338.6,3155.29,3182.59,3155.29,3179.72,3179.72,4759.16
2020-07-13,18341.8,3205.08,3235.32,3149.43,3155.22,3155.22,4902.44
2020-07-20,18240.3,3224.29,3258.61,3215.16,3251.84,3251.84,3979.34
2020-07-27,18108.3,3219.84,3241.43,3214.25,3239.41,3239.41,3970.31
2020-08-03,18220.4,3288.26,3302.73,3284.53,3294.61,3294.61,4438.94
2020-08-10,18286.9,3356.04,3363.29,3335.44,3360.47,3360.47,4327.92
2020-08-17,18356.5,3380.86,3387.59,3379.22,3381.99,3381.99,3460.33
2020-08-24,18257.4,3418.09,3432.09,3413.13,3431.28,3431.28,3743.41
2020-08-31,18376.9,3509.73,3514.77,3493.25,3500.31,3500.31,4348.28
2020-09-07,18512.7,3371.88,3379.97,3329.27,3331.84,3331.84,4694.33
2020-09-14,18596.7,3363.56,3402.93,3363.56,3383.54,3383.54,3839.58
2020-09-21,18550.0,3285.57,3285.57,3229.1,3281.06,3281.06,4836.07
2020-09-28,18488.3,3333.9,3360.74,3332.91,3351.6,3351.6,3950.91
2020-10-05,18632.7,3367.27,3409.57,3367.27,3408.6,3408.6,3692.72
2020-10-12,18646.0,3500.02,3549.85,3499.61,3534.22,3534.22,3435.76
2020-10-19,18702.3,3493.66,3502.42,3419.93,3426.92,3426.92,4091.08
2020-10-26,18640.9,3441.42,3441.42,3364.86,3400.97,3400.97,4002.21
2020-11-02,18829.5,3296.2,3330.14,3279.74,3310.24,3310.24,4314.69
2020-11-09,18910.0,3583.04,3645.99,3547.48,3550.5,3550.5,8570.51
2020-11-16,18993.5,3600.16,3628.51,3600.16,3626.91,3626.91,5295.51
2020-11-23,18969.1,3566.82,3589.81,3552.77,3577.59,3577.59,5057.55
2020-11-30,19049.9,3634.18,3634.18,3594.39,3621.63,3621.63,6308.41
2020-12-07,19156.4,3694.73,3697.41,3678.88,3691.96,3691.96,4804.5
2020-12-14,19206.5,3675.27,3697.61,3645.84,3647.49,3647.49,4623.85
2020-12-21,19260.6,3684.28,3702.9,3636.48,3694.92,3694.92,4748.58
2020-12-28,19292.4,3723.03,3740.51,3723.03,3735.36,3735.36,3535.46
2021-01-04,19360.0,3764.61,3769.99,3662.71,3700.65,3700.65,5015.0
2021-01-11,19423.9,3803.14,3817.86,3789.02,3799.61,3799.61,4465.43
2021-01-18,19396.8,3781.88,3804.53,3780.37,3798.91,3798.91,5014.44
2021-01-25,19279.5,3851.68,3859.23,3797.16,3855.36,3855.36,7000.84
2021-02-01,19384.1,3731.17,3784.32,3725.62,3773.86,3773.86,5436.23
2021-02-08,19418.6,3892.59,3915.77,3892.59,3915.59,3915.59,4648.36
2021-02-15,19527.4,3939.61,3950.43,3923.85,3932.59,3932.59,5058.99
2021-02-22,19540.3,3885.55,3902.92,3874.71,3876.5,3876.5,5917.1
2021-03-01,19626.9,3842.51,3914.5,3842.51,3901.82,3901.82,5114.82
2021-03-08,19719.7,3844.39,3881.06,3819.25,3821.35,3821.35,5871.71
2021-03-15,19856.7,3942.96,3970.08,3923.54,3968.94,3968.94,4900.1
2021-03-22,20035.6,3916.48,3955.31,3914.16,3940.59,3940.59,4316.26
2021-03-29,20111.5,3969.31,3981.83,3943.25,3971.09,3971.09,4628.18
2021-04-05,20315.8,4034.44,4083.42,4034.44,4077.91,4077.91,4005.03
2021-04-12,20305.3,4124.71,4131.76,4114.82,4127.99,4127.99,3588.9
2021-04-19,20298.5,4179.8,4180.81,4150.47,4163.26,4163.26,3810.29
2021-04-26,20145.2,4185.03,4194.19,4182.36,4187.62,4187.62,3748.32
2021-05-03,20270.9,4191.98,4209.39,4188.03,4192.66,4192.66,4070.22
2021-05-10,20350.7,4228.29,4236.39,4188.13,4188.43,4188.43,4560.7
2021-05-17,20407.5,4169.92,4171.92,4142.69,4163.29,4163.29,4125.05
2021-05-24,20228.8,4170.16,4209.52,4170.16,4197.05,4197.05,3684.8
2021-05-31,20275.5,4216.52,4234.12,4197.59,4202.04,4202.04,5074.67
2021-06-07,20419.1,4229.34,4232.34,4215.66,4226.52,4226.52,4476.92
2021-06-14,20503.8,4248.31,4255.59,4234.07,4255.15,4255.15,4151.2
2021-06-21,20409.6,4173.4,4226.24,4173.4,4224.79,4224.79,4128.95
2021-06-28,20363.2,4284.9,4292.14,4274.67,4290.61,4290.61,4147.89
2021-07-05,20539.2,4356.46,4356.46,4314.37,4343.54,4343.54,4309.57
2021-07-12,20534.9,4372.41,4386.68,4364.03,4384.63,4384.63,3384.46
2021-07-19,20564.7,4296.4,4296.4,4233.13,4258.49,4258.49,5157.66
2021-07-26,20517.4,4409.58,4422.73,4405.45,4422.3,4422.3,4275.63
2021-08-02,20643.9,4406.86,4422.18,4384.81,4387.16,4387.16,3724.09
2021-08-09,20701.7,4437.77,4439.39,4424.74,4432.35,4432.35,3449.28
2021-08-16,20772.1,4461.65,4480.26,4437.66,4479.71,4479.71,3370.64
2021-08-23,20748.0,4450.29,4489.88,4450.29,4479.53,4479.53,3576.53
2021-08-30,20779.7,4513.76,4537.36,4513.76,4528.79,4528.79,3168.66
2021-09-06,20921.0,4535.38,4535.38,4513.0,4520.03,4520.03,3822.96
2021-09-13,20965.5,4474.81,4492.99,4445.7,4468.73,4468.73,3914.22
2021-09-20,20921.1,4402.95,4402.95,4305.91,4357.73,4357.73,4898.07
2021-09-27,20831.2,4442.12,4457.3,4436.19,4443.11,4443.11,4058.65
2021-10-04,21036.1,4348.84,4355.51,4278.94,4300.46,4300.46,4307.87
2021-10-11,21060.5,4385.44,4415.88,4360.59,4361.19,4361.19,3281.97
2021-10-18,21137.4,4463.72,4488.75,4447.47,4486.46,4486.46,3662.01
2021-10-25,21026.3,4553.69,4572.62,4537.36,4566.48,4566.48,3899.4
2021-11-01,21170.4,4610.62,4620.34,4595.06,4613.67,4613.67,3971.54
2021-11-08,21252.0,4701.48,4714.92,4694.39,4701.7,4701.7,4269.71
2021-11-15,21316.8,4689.3,4697.42,4672.86,4682.8,4682.8,3488.41
2021-11-22,21346.0,4712.0,4743.83,4682.17,4682.94,4682.94,4441.1
2021-11-29,21374.3,4628.75,4672.95,4625.26,4655.27,4655.27,4336.41
2021-12-06,21517.8,4548.37,4612.6,4540.51,4591.67,4591.67,4770.8
2021-12-13,21572.8,4710.3,4710.3,4667.6,4668.97,4668.97,4397.23
2021-12-20,21698.6,4587.9,4587.9,4531.1,4568.02,4568.02,4635.7
2021-12-27,21743.4,4733.99,4791.49,4733.99,4791.19,4791.19,2770.29
2022-01-03,21718.3,4778.14,4796.64,4758.17,4796.56,4796.56,3831.02
2022-01-10,21733.6,4655.34,4673.02,4582.24,4670.29,4670.29,4511.81
2022-01-17,21706.9,4632.24,4632.24,4568.7,4577.11,4577.11,4748.7
2022-01-24,21522.6,4356.32,4417.35,4222.62,4410.13,4410.13,6928.11
2022-01-31,21511.8,4431.79,4516.89,4414.02,4515.55,4515.55,5098.61
2022-02-07,21549.4,4505.75,4521.86,4471.47,4483.87,4483.87,4228.48
2022-02-14,21562.2,4412.61,4426.22,4364.84,4401.67,4401.67,4600.39
2022-02-21,21566.2,4332.74,4362.12,4267.11,4304.76,4304.76,5121.9
2022-02-28,21651.6,4354.17,4388.84,4315.12,4373.94,4373.94,6071.37
2022-03-07,21805.4,4327.01,4327.01,4199.85,4201.09,4201.09,6940.47
2022-03-14,21855.8,4202.75,4247.57,4161.72,4173.11,4173.11,5574.92
2022-03-21,21858.5,4462.4,4481.75,4424.3,4461.18,4461.18,4869.82
2022-03-28,21845.8,4541.09,4575.65,4517.69,4575.52,4575.52,4312.26
2022-04-04,21991.3,4547.97,4583.5,4539.21,4582.64,4582.64,4547.35
2022-04-11,21978.6,4462.64,4464.35,4408.38,4412.53,4412.53,4266.29
2022-04-18,22052.3,4385.63,4410.31,4370.3,4391.69,4391.69,3910.49
2022-04-25,21604.7,4255.34,4299.02,4200.82,4296.12,4296.12,5240.04
2022-05-02,21611.3,4130.61,4169.81,4062.51,4155.38,4155.38,5163.79
2022-05-09,21547.9,4081.27,4081.27,3975.48,3991.24,3991.24,5954.52
2022-05-16,21578.8,4013.02,4046.46,3983.99,4008.01,4008.01,4415.03
2022-05-23,21534.6,3919.42,3981.88,3909.04,3973.75,3973.75,4420.03
2022-05-30,21521.1,4151.09,4168.34,4104.88,4132.15,4132.15,6822.64
2022-06-06,21621.9,4134.72,4168.78,4109.18,4121.43,4121.43,4332.7
2022-06-13,21596.4,3838.15,3838.15,3734.3,3749.63,3749.63,5636.89
2022-06-20,21553.4,3715.31,3779.65,3715.31,3764.79,3764.79,5292.26
2022-06-27,21528.6,3920.76,3927.72,3889.66,3900.11,3900.11,4325.31
2022-07-04,21625.9,3792.61,3832.19,3742.06,3831.39,3831.39,5076.59
2022-07-11,21593.8,3880.94,3880.94,3847.22,3854.43,3854.43,3423.48
2022-07-18,21571.8,3883.79,3902.44,3818.63,3830.85,3830.85,4046.87
2022-07-25,21524.8,3965.72,3975.3,3943.46,3966.84,3966.84,3568.34
2022-08-01,21595.9,4112.38,4144.95,4096.02,4118.63,4118.63,4202.81
2022-08-08,21582.3,4155.93,4186.62,4128.97,4140.06,4140.06,4221.09
2022-08-15,21598.2,4269.37,4301.79,4256.9,4297.14,4297.14,3696.83
2022-08-22,21543.4,4195.08,4195.08,4129.86,4137.99,4137.99,3907.43
2022-08-29,21478.1,4034.58,4062.99,4017.42,4030.61,4030.61,3396.51
2022-09-05,21542.8,3930.89,3942.55,3886.75,3908.19,3908.19,4127.34
2022-09-12,21540.8,4083.67,4119.28,4083.67,4110.41,4110.41,3814.2
2022-09-19,21489.5,3849.91,3900.45,3838.5,3899.89,3899.89,3766.85
2022-09-26,21360.9,3682.72,3715.67,3644.76,3655.04,3655.04,4886.14
2022-10-03,21437.5,3609.78,3698.35,3604.93,3678.43,3678.43,4806.68
2022-10-10,21392.7,3647.51,3652.17,3588.1,3612.39,3612.39,3834.32
2022-10-17,21443.6,3638.65,3689.73,3638.65,3677.95,3677.95,4352.78
2022-10-24,21303.4,3762.01,3810.74,3741.65,3797.34,3797.34,4747.93
2022-10-31,21356.0,3881.85,3893.73,3863.18,3871.98,3871.98,4820.62
2022-11-07,21382.1,3780.71,3813.95,3764.7,3806.8,3806.8,4341.62
2022-11-14,21387.5,3977.97,4008.97,3956.4,3957.25,3957.25,4561.93
2022-11-21,21388.9,3956.23,3962.0,3933.34,3949.94,3949.94,3850.69
2022-11-28,21346.1,4005.36,4012.27,3955.77,3963.94,3963.94,3615.43
2022-12-05,21414.0,4052.02,4052.45,3984.49,3998.84,3998.84,4280.82
2022-12-12,21407.6,3939.29,3990.71,3935.3,3990.56,3990.56,3904.13
2022-12-19,21420.2,3853.79,3854.86,3800.04,3817.66,3817.66,3969.61
2022-12-26,21393.5,3843.34,3846.65,3813.22,3829.25,3829.25,3030.3
2023-01-02,21356.3,3853.29,3878.46,3794.33,3824.14,3824.14,3959.14
2023-01-09,21409.2,3910.82,3950.57,3890.42,3892.09,3892.09,4311.77
2023-01-16,21320.9,3999.28,4015.39,3984.57,3990.97,3990.97,4235.56
2023-01-23,21174.9,3978.14,4039.31,3971.64,4019.81,4019.81,3945.21
2023-01-30,21084.9,4049.27,4063.85,4015.55,4017.77,4017.77,3802.0
2023-02-06,21152.8,4119.57,4124.63,4093.38,4111.08,4111.08,4114.24
2023-02-13,21086.2,4096.62,4138.9,4092.67,4137.29,4137.29,3448.62
2023-02-20,21080.4,4052.35,4052.35,3995.19,3997.34,3997.34,4121.59
2023-02-27,21080.2,3992.36,4018.05,3973.55,3982.24,3982.24,3836.95
2023-03-06,21123.3,4055.15,4078.49,4044.61,4048.42,4048.42,4000.87
